-- MySQL dump 10.13  Distrib 8.0.11, for Win64 (x86_64)
--
-- Host: 127.0.0.1    Database: lab3
-- ------------------------------------------------------
-- Server version	8.0.11

/*!40101 SET @OLD_CHARACTER_SET_CLIENT=@@CHARACTER_SET_CLIENT */;
/*!40101 SET @OLD_CHARACTER_SET_RESULTS=@@CHARACTER_SET_RESULTS */;
/*!40101 SET @OLD_COLLATION_CONNECTION=@@COLLATION_CONNECTION */;
 SET NAMES utf8 ;
/*!40103 SET @OLD_TIME_ZONE=@@TIME_ZONE */;
/*!40103 SET TIME_ZONE='+00:00' */;
/*!40014 SET @OLD_UNIQUE_CHECKS=@@UNIQUE_CHECKS, UNIQUE_CHECKS=0 */;
/*!40014 SET @OLD_FOREIGN_KEY_CHECKS=@@FOREIGN_KEY_CHECKS, FOREIGN_KEY_CHECKS=0 */;
/*!40101 SET @OLD_SQL_MODE=@@SQL_MODE, SQL_MODE='NO_AUTO_VALUE_ON_ZERO' */;
/*!40111 SET @OLD_SQL_NOTES=@@SQL_NOTES, SQL_NOTES=0 */;

--
-- Table structure for table `accessory`
--

DROP TABLE IF EXISTS `accessory`;
/*!40101 SET @saved_cs_client     = @@character_set_client */;
 SET character_set_client = utf8mb4 ;
CREATE TABLE `accessory` (
  `idaccessory` int(11) NOT NULL,
  `id_vid` int(11) NOT NULL,
  PRIMARY KEY (`idaccessory`),
  KEY `fk_accessory_vid_idx` (`id_vid`),
  CONSTRAINT `fk_accessory_product` FOREIGN KEY (`idaccessory`) REFERENCES `product` (`idproduct`),
  CONSTRAINT `fk_accessory_vid` FOREIGN KEY (`id_vid`) REFERENCES `vid` (`idvid`)
) ENGINE=InnoDB DEFAULT CHARSET=utf8 COLLATE=utf8_general_ci;
/*!40101 SET character_set_client = @saved_cs_client */;

--
-- Dumping data for table `accessory`
--

LOCK TABLES `accessory` WRITE;
/*!40000 ALTER TABLE `accessory` DISABLE KEYS */;
INSERT INTO `accessory` VALUES (12,1),(17,1),(4,7),(10,7);
/*!40000 ALTER TABLE `accessory` ENABLE KEYS */;
UNLOCK TABLES;

--
-- Table structure for table `employees`
--

DROP TABLE IF EXISTS `employees`;
/*!40101 SET @saved_cs_client     = @@character_set_client */;
 SET character_set_client = utf8mb4 ;
CREATE TABLE `employees` (
  `idemployees` int(11) NOT NULL AUTO_INCREMENT,
  `fio` varchar(100) NOT NULL,
  `post` varchar(45) NOT NULL,
  `id_music_store` int(11) NOT NULL,
  PRIMARY KEY (`idemployees`),
  KEY `fk_employees_music_store_idx` (`id_music_store`),
  CONSTRAINT `fk_employees_music_store` FOREIGN KEY (`id_music_store`) REFERENCES `music_store` (`idmusic_store`)
) ENGINE=InnoDB DEFAULT CHARSET=utf8 COLLATE=utf8_general_ci;
/*!40101 SET character_set_client = @saved_cs_client */;

--
-- Dumping data for table `employees`
--

LOCK TABLES `employees` WRITE;
/*!40000 ALTER TABLE `employees` DISABLE KEYS */;
INSERT INTO `employees` VALUES (11,'Иванов И. И.','Продавец',1),(12,'Иванов А. Н.','Продавец',2),(13,'Бибиков А.Н.','Преподаватель ',3),(14,'Сехин П. А.','Кассир',4),(15,'Мех Ю. В.','Консультант',5),(16,'Малинина В. Д.','Продавец',5),(17,'Белоштанов Н. С.','Настройщик',6),(19,'Елович Д. А. ','Продавец',8),(20,'Павленко В. Д.','Преподаватель',9),(21,'Дудкин А.Н.','Настройщик',7),(22,'Eiser','Преподаватель',2),(23,'Ciapas','Настройщик',3),(24,'Doig','Преподаватель',4),(25,'Jammal','Кассир ',5),(26,'Hollingsworth','Преподаватель',6),(27,'Ball','Преподаватель',7),(28,'Rossner','Настройщик',8),(29,'Giule','Консультант',9),(30,'Vittoria','Настройщик',10),(31,'Jenness','Преподаватель',11),(32,'Bethany','Настройщик',12),(33,'Shanley','Преподаватель',13),(34,'Kristi','Продавец ',14),(35,'Wyn','Преподаватель',15),(36,'Maples','Преподаватель',16),(37,'Rustice','Кассир ',17),(38,'Erich','Продавец ',18),(39,'Wareing','Консультант',19),(40,'Blisse','Продавец ',20),(41,'Germann','Преподаватель',21),(42,'Izaak','Консультант',22),(43,'Flyn','Кассир ',23),(44,'Mandler','Настройщик',24),(45,'Phaidra','Кассир ',25),(46,'Martguerita','Продавец ',26),(47,'Burch','Продавец ',27),(48,'Drisko','Настройщик',28),(49,'Holtz','Настройщик',29),(50,'Gaulin','Кассир ',30),(51,'Faro','Настройщик',31),(52,'Rillings','Продавец ',32),(53,'Schonfeld','Консультант',33),(54,'Casimir','Кассир ',34),(55,'Argus','Преподаватель',35),(56,'Levey','Консультант',36),(57,'Hewitt','Кассир ',37),(58,'McCutcheon','Продавец ',38),(59,'Land','Кассир ',39),(60,'Gamaliel','Настройщик',40),(61,'Florina','Кассир ',41),(62,'Morrill','Преподаватель',42),(63,'Adamsen','Настройщик',43),(64,'Malanie','Продавец ',44),(65,'Krystle','Продавец ',45),(66,'Glovsky','Преподаватель',46),(67,'Trace','Преподаватель',47),(68,'Markman','Кассир ',48),(69,'Wind','Преподаватель',49),(70,'Dreda','Преподаватель',50),(71,'Zuzana','Преподаватель',51),(72,'Heisel','Кассир ',52),(73,'Bigner','Преподаватель',53),(74,'Pernick','Консультант',54),(75,'Swigart','Кассир ',55),(76,'Berne','Преподаватель',56),(77,'Malvino','Преподаватель',57),(78,'Engdahl','Консультант',58),(79,'Pyle','Преподаватель',59),(80,'Weaks','Кассир ',60),(81,'Glenden','Продавец ',61),(82,'Mott','Преподаватель',62),(83,'Sandye','Преподаватель',63),(84,'Mullane','Преподаватель',64),(85,'Land','Кассир ',65),(86,'Truc','Консультант',66),(87,'Haymes','Кассир ',67),(88,'Gwenore','Консультант',68),(89,'Cassius','Настройщик',69),(90,'Leler','Продавец ',70),(91,'Christine','Консультант',71),(92,'Pattin','Консультант',72),(93,'Obed','Консультант',73),(94,'Woodberry','Кассир ',74),(95,'Wandie','Консультант',75),(96,'Cookie','Настройщик',76),(97,'Hoenack','Кассир ',77),(98,'Granoff','Продавец ',78),(99,'Pulsifer','Консультант',79),(100,'Desai','Кассир ',80),(101,'Waldron','Настройщик',81),(102,'Leonard','Консультант',82),(103,'Lay','Продавец ',83),(104,'Fosque','Консультант',84),(105,'Trace','Консультант',85),(106,'Luhe','Продавец ',86),(107,'Erskine','Продавец ',87),(108,'Trinetta','Продавец ',88),(109,'Avi','Продавец ',89),(110,'Amasa','Преподаватель',90),(111,'Bow','Преподаватель',91),(112,'Medrek','Настройщик',92),(113,'Tufts','Консультант',93),(114,'Grimbly','Консультант',94),(115,'Lory','Кассир ',95),(116,'Jorgan','Продавец ',96),(117,'Toni','Преподаватель',97),(118,'Gilbertson','Кассир ',98),(119,'Aldric','Настройщик',99),(120,'Presber','Продавец ',100),(121,'Podvin','Настройщик',101),(122,'Georas','Преподаватель',102),(123,'Brunell','Настройщик',103),(124,'Capello','Продавец ',104),(125,'Ackerley','Консультант',105),(126,'Constancy','Настройщик',106),(127,'Yusuk','Консультант',107),(128,'Nester','Настройщик',108),(129,'Donell','Кассир ',109),(130,'Kannry','Консультант',110),(131,'Brotherson','Продавец ',111),(132,'Cadmar','Настройщик',112),(133,'Delila','Преподаватель',113),(134,'Salvidor','Настройщик',114),(135,'Saree','Консультант',115),(136,'Garlinda','Настройщик',116),(137,'Kiyoshi','Продавец ',117),(138,'Cavan','Консультант',118),(139,'Roche','Продавец ',119),(140,'Leler','Настройщик',120),(141,'Weitman','Преподаватель',121),(142,'Francene','Кассир ',122),(143,'Peg','Преподаватель',123),(144,'Haerr','Преподаватель',124),(145,'Kazimir','Продавец ',125),(146,'Hartnett','Настройщик',126),(147,'Hillel','Продавец ',127),(148,'Ramona','Преподаватель',128),(149,'Mullane','Настройщик',129),(150,'Gemini','Настройщик',130),(151,'Masao','Настройщик',131),(152,'Paine','Консультант',132),(153,'Himelman','Консультант',133),(154,'McClimans','Продавец ',134),(155,'Olnee','Продавец ',135),(156,'Even','Преподаватель',136),(157,'Warthman','Продавец ',137),(158,'Nickola','Кассир ',138),(159,'Oriana','Консультант',139),(160,'Tristram','Продавец ',140),(161,'Latini','Продавец ',141),(162,'Cristi','Кассир ',142),(163,'Hunfredo','Консультант',143),(164,'Riva','Продавец ',144),(165,'Eiser','Преподаватель',145),(166,'Lucienne','Настройщик',146),(167,'Marisa','Кассир ',147),(168,'Kazimir','Продавец ',148),(169,'Matthew','Настройщик',149),(170,'Goldina','Консультант',150),(171,'Thilda','Продавец ',151),(172,'Louanna','Настройщик',152),(173,'Dudley','Консультант',153),(174,'Gualtiero','Кассир ',154),(175,'Tacye','Преподаватель',155),(176,'Gregrory','Продавец ',156),(177,'Poppy','Преподаватель',157),(178,'Winthorpe','Кассир ',158),(179,'Laurianne','Продавец ',159),(180,'Terencio','Настройщик',160),(181,'Paine','Преподаватель',161),(182,'Land','Продавец ',162),(183,'Doig','Продавец ',163),(184,'Garbe','Преподаватель',164),(185,'Deegan','Настройщик',165),(186,'Erlandson','Кассир ',166),(187,'Helve','Консультант',167),(188,'Brieta','Продавец ',168),(189,'Drus','Продавец ',169),(190,'Girardo','Настройщик',170),(191,'Laverne','Консультант',171),(192,'Chauncey','Преподаватель',172),(193,'Salchunas','Настройщик',173),(194,'Adalbert','Продавец ',174),(195,'Marijo','Настройщик',175),(196,'Pauly','Продавец ',176),(197,'Kinnard','Продавец ',177),(198,'Tjon','Настройщик',178),(199,'Tristram','Кассир ',179),(200,'Toffic','Кассир ',180),(201,'Pulsifer','Кассир ',181),(202,'Buffum','Продавец ',182),(203,'Septima','Продавец ',183),(204,'Kannry','Преподаватель',184),(205,'Oster','Консультант',185),(206,'Drus','Преподаватель',186),(207,'Zitvaa','Настройщик',187),(208,'Arquit','Настройщик',188),(209,'Baudin','Кассир ',189),(210,'Yam','Кассир ',190),(211,'Roscoe','Преподаватель',191),(212,'Land','Преподаватель',192),(213,'Bartlett','Преподаватель',193),(214,'Dorothy','Консультант',194),(215,'Gladstone','Настройщик',195),(216,'Amadas','Консультант',196),(217,'Hurley','Кассир ',197),(218,'Marlie','Настройщик',198),(219,'Grosz','Консультант',199),(220,'Tengdin','Кассир ',200),(221,'Hutchison','Продавец ',201),(222,'Orpah','Настройщик',202),(223,'Nerita','Кассир ',203),(224,'Virgin','Продавец ',204),(225,'Loleta','Преподаватель',205),(226,'Ailyn','Консультант',206),(227,'Bollay','Кассир ',207),(228,'Sadowski','Преподаватель',208),(229,'Middleton','Настройщик',209),(230,'Alrich','Продавец ',210),(231,'Reidar','Кассир ',211),(232,'Suzetta','Продавец ',212),(233,'Hachmin','Преподаватель',213),(234,'Trey','Настройщик',214),(235,'Weinreb','Преподаватель',215),(236,'Mathilde','Консультант',216),(237,'Vale','Преподаватель',217),(238,'Chapland','Консультант',218),(239,'Stephie','Кассир ',219),(240,'Nea','Преподаватель',220),(241,'Allare','Продавец ',221),(242,'Kenwood','Консультант',222),(243,'Auberbach','Настройщик',223),(244,'Sprage','Преподаватель',224),(245,'Yuille','Кассир ',225),(246,'Schonfeld','Продавец ',226),(247,'Cherianne','Настройщик',227),(248,'Annice','Продавец ',228),(249,'Frodi','Настройщик',229),(250,'Carri','Продавец ',230),(251,'Ahab','Консультант',231),(252,'Markman','Преподаватель',232),(253,'Mott','Преподаватель',233),(254,'Center','Кассир ',234),(255,'Mehalek','Кассир ',235),(256,'Macey','Преподаватель',236),(257,'Vanni','Кассир ',237),(258,'Nester','Продавец ',238),(259,'Girardo','Продавец ',239),(260,'Niccolo','Кассир ',240),(261,'Gillan','Преподаватель',241),(262,'Paton','Кассир ',242),(263,'Zola','Кассир ',243),(264,'Gavrila','Настройщик',244),(265,'Love','Консультант',245),(266,'Rillings','Преподаватель',246),(267,'Gombach','Кассир ',247),(268,'Olin','Кассир ',248),(269,'Jotham','Консультант',249),(270,'Edison','Настройщик',250),(271,'Elvyn','Кассир ',251),(272,'Doig','Кассир ',252),(273,'Hedve','Консультант',253),(274,'Norvol','Консультант',254),(275,'Hurley','Кассир ',255),(276,'Alabaster','Преподаватель',256),(277,'Ariella','Настройщик',257),(278,'Mandler','Настройщик',258),(279,'Fink','Преподаватель',259),(280,'Daegal','Продавец ',260),(281,'Sammons','Консультант',261),(282,'Mitzi','Кассир ',262),(283,'Gert','Преподаватель',263),(284,'Han','Консультант',264),(285,'Ivens','Кассир ',265),(286,'Terrence','Консультант',266),(287,'Cath','Преподаватель',267),(288,'Alexandr','Консультант',268),(289,'Lilybelle','Продавец ',269),(290,'McLaughlin','Кассир ',270),(291,'Tamsky','Консультант',271),(292,'Cherianne','Кассир ',272),(293,'Lail','Консультант',273),(294,'Valerio','Преподаватель',274),(295,'Mike','Настройщик',275),(296,'Lemuela','Настройщик',276),(297,'Thornburg','Настройщик',277),(298,'Anselmi','Настройщик',278),(299,'Lanita','Продавец ',279),(300,'Corilla','Настройщик',280),(301,'Wallis','Консультант',281),(302,'Fiester','Кассир ',282),(303,'Haerr','Консультант',283),(304,'Faso','Кассир ',284),(305,'Egbert','Кассир ',285),(306,'Thunell','Преподаватель',286),(307,'Diogenes','Продавец ',287),(308,'Rad','Консультант',288),(309,'Infield','Продавец ',289),(310,'Dash','Настройщик',290),(311,'Jethro','Кассир ',291),(312,'Ietta','Преподаватель',292),(313,'Ciapas','Преподаватель',293),(314,'Daegal','Преподаватель',294),(315,'Poppy','Преподаватель',295),(316,'Noam','Продавец ',296),(317,'Gahl','Кассир ',297),(318,'Kussell','Продавец ',298),(319,'Leopold','Консультант',299),(320,'Holbrook','Преподаватель',300),(321,'Kirstin','Преподаватель',301),(322,'Norrie','Кассир ',302),(323,'Bertold','Кассир ',303),(324,'Saunderson','Продавец ',304),(325,'Zaslow','Продавец ',305),(326,'Sawtelle','Преподаватель',306),(327,'Linehan','Настройщик',307),(328,'Cottle','Преподаватель',308),(329,'Selway','Кассир ',309),(330,'Kauppi','Настройщик',310),(331,'Jefferey','Преподаватель',311),(332,'Sholley','Кассир ',312),(333,'Gaspard','Продавец ',313),(334,'Ventre','Кассир ',314),(335,'Aprile','Преподаватель',315),(336,'Sekofski','Преподаватель',316),(337,'Hunfredo','Консультант',317),(338,'Cherianne','Консультант',318),(339,'Garek','Преподаватель',319),(340,'Konyn','Кассир ',320),(341,'Urania','Преподаватель',321),(342,'Grayce','Продавец ',322),(343,'Heisel','Продавец ',323),(344,'Bashemeth','Консультант',324),(345,'Rubie','Настройщик',325),(346,'Tillford','Настройщик',326),(347,'Marden','Кассир ',327),(348,'Keily','Продавец ',328),(349,'Maiah','Преподаватель',329),(350,'Gavrila','Преподаватель',330),(351,'Nedrud','Преподаватель',331),(352,'Shama','Кассир ',332),(353,'Olympium','Продавец ',333),(354,'Stelle','Кассир ',334),(355,'Geffner','Консультант',335),(356,'Schonfeld','Продавец ',336),(357,'Standing','Консультант',337),(358,'Amand','Консультант',338),(359,'Judye','Настройщик',339),(360,'Pillsbury','Преподаватель',340),(361,'Cristi','Консультант',341),(362,'Pulsifer','Продавец ',342),(363,'Engdahl','Настройщик',343),(364,'Katrine','Преподаватель',344),(365,'Lesley','Кассир ',345),(366,'Hermes','Консультант',346),(367,'Oriana','Настройщик',347),(368,'Standing','Настройщик',348),(369,'Lilybelle','Преподаватель',349),(370,'Bearnard','Продавец ',350),(371,'Serilda','Преподаватель',351),(372,'Jess','Кассир ',352),(373,'Fulmer','Настройщик',353),(374,'Verger','Настройщик',354),(375,'Percy','Продавец ',355),(376,'Bennie','Консультант',356),(377,'Munn','Настройщик',357),(378,'Kathie','Продавец ',358),(379,'Lamoree','Продавец ',359),(380,'Pozzy','Преподаватель',360),(381,'An','Консультант',361),(382,'Phi','Продавец ',362),(383,'Duwalt','Консультант',363),(384,'Septima','Настройщик',364),(385,'Weinreb','Продавец ',365),(386,'Merna','Настройщик',366),(387,'Hylan','Преподаватель',367),(388,'Secrest','Консультант',368),(389,'Dulciana','Настройщик',369),(390,'Brunell','Консультант',370),(391,'Lane','Настройщик',371),(392,'Federica','Настройщик',372),(393,'Shaver','Преподаватель',373),(394,'Delp','Консультант',374),(395,'Truc','Продавец ',375),(396,'Beebe','Кассир ',376),(397,'Fiester','Преподаватель',377),(398,'Grosz','Настройщик',378),(399,'Garek','Преподаватель',379),(400,'Alice','Настройщик',380),(401,'Friede','Консультант',381),(402,'Sisile','Консультант',382),(403,'Edvard','Продавец ',383),(404,'Sheng','Продавец ',384),(405,'Talia','Кассир ',385),(406,'Carvey','Консультант',386),(407,'Seligman','Преподаватель',387),(408,'Berne','Преподаватель',388),(409,'Harday','Преподаватель',389),(410,'Gaspard','Настройщик',390),(411,'Middleton','Консультант',391),(412,'Durante','Консультант',392),(413,'Truc','Кассир ',393),(414,'Pillsbury','Кассир ',394),(415,'Catie','Кассир ',395),(416,'Ciapas','Кассир ',396),(417,'Lory','Настройщик',397),(418,'Vittoria','Настройщик',398),(419,'Halsey','Продавец ',399),(420,'Brandice','Продавец ',400),(421,'Mich','Продавец ',401),(422,'Weitman','Продавец ',402),(423,'Han','Консультант',403),(424,'Kussell','Настройщик',404),(425,'Chapland','Продавец ',405),(426,'Peg','Консультант',406),(427,'Wenda','Преподаватель',407),(428,'Kannry','Настройщик',408),(429,'Mehalek','Кассир ',409),(430,'Sherrie','Продавец ',410),(431,'Peonir','Консультант',411),(432,'Thad','Преподаватель',412),(433,'Suk','Кассир ',413),(434,'Valoniah','Кассир ',414),(435,'Cordi','Преподаватель',415),(436,'Lorenz','Кассир ',416),(437,'Quinn','Продавец ',417),(438,'Elvyn','Кассир ',418),(439,'Rustice','Продавец ',419),(440,'Sammons','Кассир ',420),(441,'Ashely','Консультант',421),(442,'Dreda','Преподаватель',422),(443,'Tremayne','Настройщик',423),(444,'Ivens','Настройщик',424),(445,'Douglass','Кассир ',425),(446,'Hoban','Продавец ',426),(447,'Kat','Продавец ',427),(448,'Dawkins','Консультант',428),(449,'Calhoun','Продавец ',429),(450,'Nance','Продавец ',430),(451,'Allys','Преподаватель',431),(452,'Delacourt','Кассир ',432),(453,'Lutero','Консультант',433),(454,'Dituri','Продавец ',434),(455,'Cleo','Настройщик',435),(456,'Jalbert','Настройщик',436),(457,'Tippets','Кассир ',437),(458,'Magdalen','Кассир ',438),(459,'Sparhawk','Продавец ',439),(460,'Flyn','Продавец ',440),(461,'Lubin','Настройщик',441),(462,'Fink','Консультант',442),(463,'Fadiman','Кассир ',443),(464,'August','Преподаватель',444),(465,'Kazimir','Кассир ',445),(466,'Presber','Настройщик',446),(467,'Buckler','Кассир ',447),(468,'Heidt','Продавец ',448),(469,'Quent','Кассир ',449),(470,'Rudolph','Кассир ',450),(471,'Prober','Преподаватель',451),(472,'Xerxes','Настройщик',452),(473,'Kevon','Кассир ',453),(474,'Sallyann','Настройщик',454),(475,'Gordon','Преподаватель',455),(476,'Sabella','Консультант',456),(477,'Fontana','Кассир ',457),(478,'Jotham','Консультант',458),(479,'Elvyn','Консультант',459),(480,'Kylander','Настройщик',460),(481,'Muriel','Настройщик',461),(482,'Colyer','Настройщик',462),(483,'Pacorro','Настройщик',463),(484,'Hanleigh','Кассир ',464),(485,'Maiah','Кассир ',465),(486,'Dichy','Настройщик',466),(487,'Brunell','Консультант',467),(488,'Revkah','Продавец ',468),(489,'Milson','Преподаватель',469),(490,'Anderea','Настройщик',470),(491,'Wiener','Продавец ',471),(492,'Elvyn','Кассир ',472),(493,'Saint','Кассир ',473),(494,'Dorcy','Преподаватель',474),(495,'Borrell','Преподаватель',475),(496,'Gualtiero','Продавец ',476),(497,'Fiester','Консультант',477),(498,'Marisa','Кассир ',478),(499,'Saint','Кассир ',479),(500,'Mitzi','Кассир ',480),(501,'Lacombe','Кассир ',481),(502,'Eckblad','Консультант',482),(503,'Pattin','Преподаватель',483),(504,'Redmond','Преподаватель',484),(505,'Bonucci','Настройщик',485),(506,'Skurnik','Кассир ',486),(507,'Weinreb','Настройщик',487),(508,'Chobot','Настройщик',488),(509,'Martguerita','Консультант',489),(510,'Rillings','Консультант',490),(511,'Marden','Кассир ',491),(512,'Hessler','Преподаватель',492),(513,'Annabella','Кассир ',493),(514,'Kiersten','Преподаватель',494),(515,'Ries','Преподаватель',495),(516,'Bivins','Кассир ',496),(517,'Narton','Преподаватель',497),(518,'Warthman','Консультант',498),(519,'Candy','Настройщик',499),(520,'Stilwell','Продавец ',500),(521,'Etom','Консультант',501),(522,'Sholley','Продавец ',502),(523,'Karna','Продавец ',503),(524,'Standing','Настройщик',504),(525,'Maryanne','Консультант',505),(526,'Wu','Преподаватель',506),(527,'Morehouse','Консультант',507),(528,'Ciapas','Настройщик',508),(529,'Giule','Консультант',509),(530,'Briney','Консультант',510),(531,'Kronfeld','Консультант',511),(532,'Sundin','Преподаватель',512),(533,'Howlyn','Кассир ',513),(534,'Isidore','Кассир ',514),(535,'Romelda','Настройщик',515),(536,'Dituri','Кассир ',516),(537,'Fairweather','Настройщик',517),(538,'Kosey','Консультант',518),(539,'Peg','Настройщик',519),(540,'Iaverne','Продавец ',520),(541,'Tristram','Преподаватель',521),(542,'Sophronia','Кассир ',522),(543,'Teddman','Преподаватель',523),(544,'Sheedy','Продавец ',524),(545,'Tayib','Настройщик',525),(546,'Federica','Кассир ',526),(547,'Arathorn','Кассир ',527),(548,'Zrike','Преподаватель',528),(549,'Audly','Продавец ',529),(550,'LaRue','Преподаватель',530),(551,'Abernon','Продавец ',531),(552,'Secrest','Консультант',532),(553,'Oscar','Настройщик',533),(554,'Gladstone','Консультант',534),(555,'Carmena','Преподаватель',535),(556,'Allys','Кассир ',536),(557,'Deegan','Кассир ',537),(558,'Genna','Продавец ',538),(559,'Erlandson','Продавец ',539),(560,'Esmaria','Кассир ',540),(561,'Thar','Кассир ',541),(562,'Zitvaa','Преподаватель',542),(563,'Saree','Кассир ',543),(564,'Gamaliel','Преподаватель',544),(565,'Harday','Преподаватель',545),(566,'Orpah','Консультант',546),(567,'Ammann','Преподаватель',547),(568,'Yerkovich','Кассир ',548),(569,'Hamil','Кассир ',549),(570,'Thilda','Преподаватель',550),(571,'Seessel','Преподаватель',551),(572,'Lutero','Продавец ',552),(573,'Hepsibah','Продавец ',553),(574,'Aaberg','Настройщик',554),(575,'Gillan','Кассир ',555),(576,'Zaslow','Консультант',556),(577,'Barbey','Кассир ',557),(578,'Alarise','Продавец ',558),(579,'Cleavland','Преподаватель',559),(580,'Wittie','Продавец ',560),(581,'Dimitris','Настройщик',561),(582,'Celestine','Преподаватель',562),(583,'Poppy','Преподаватель',563),(584,'Erminia','Преподаватель',564),(585,'Stanwood','Кассир ',565),(586,'Montgomery','Преподаватель',566),(587,'Diann','Преподаватель',567),(588,'Madaih','Консультант',568),(589,'Socha','Настройщик',569),(590,'Atonsah','Кассир ',570),(591,'Dulciana','Консультант',571),(592,'Sheedy','Преподаватель',572),(593,'Wilona','Преподаватель',573),(594,'Fancie','Преподаватель',574),(595,'Brodench','Преподаватель',575),(596,'Redmond','Продавец ',576),(597,'Mitzi','Кассир ',577),(598,'Bahr','Кассир ',578),(599,'Ardeha','Консультант',579),(600,'Yorick','Преподаватель',580),(601,'Hieronymus','Настройщик',581),(602,'Shaddock','Настройщик',582),(603,'Levey','Кассир ',583),(604,'Loleta','Консультант',584),(605,'Dichy','Консультант',585),(606,'Taima','Консультант',586),(607,'Mozelle','Преподаватель',587),(608,'Kimmie','Кассир ',588),(609,'Madaih','Продавец ',589),(610,'Tacye','Продавец ',590),(611,'Hashim','Кассир ',591),(612,'Adrienne','Продавец ',592),(613,'Hewitt','Преподаватель',593),(614,'Monk','Консультант',594),(615,'Revkah','Кассир ',595),(616,'Cecile','Консультант',596),(617,'Adrienne','Настройщик',597),(618,'Charity','Консультант',598),(619,'Lorain','Преподаватель',599),(620,'Borrell','Преподаватель',600),(621,'Karl','Преподаватель',601),(622,'Gilmour','Преподаватель',602),(623,'Kat','Преподаватель',603),(624,'Toni','Преподаватель',604),(625,'Carlson','Настройщик',605),(626,'Kylander','Кассир ',606),(627,'Borrell','Настройщик',607),(628,'Saint','Консультант',608),(629,'Stanwood','Настройщик',609),(630,'Horan','Консультант',610),(631,'Eldrid','Кассир ',611),(632,'Marsden','Консультант',612),(633,'Chabot','Преподаватель',613),(634,'Lacombe','Консультант',614),(635,'Poppy','Кассир ',615),(636,'Adlare','Преподаватель',616),(637,'Warthman','Продавец ',617),(638,'Nickola','Продавец ',618),(639,'Federica','Преподаватель',619),(640,'Curren','Консультант',620),(641,'Hartnett','Продавец ',621),(642,'Hachmin','Преподаватель',622),(643,'Naashom','Продавец ',623),(644,'Keily','Преподаватель',624),(645,'Lareena','Преподаватель',625),(646,'Melleta','Преподаватель',626),(647,'Gaspard','Продавец ',627),(648,'Elvyn','Продавец ',628),(649,'Freddi','Продавец ',629),(650,'Laverne','Консультант',630),(651,'Douglass','Кассир ',631),(652,'Olnee','Настройщик',632),(653,'Tomasina','Консультант',633),(654,'Damarra','Преподаватель',634),(655,'Kazimir','Консультант',635),(656,'Trace','Настройщик',636),(657,'Riordan','Продавец ',637),(658,'Mallon','Кассир ',638),(659,'Nickola','Преподаватель',639),(660,'Liebermann','Продавец ',640),(661,'Lucienne','Консультант',641),(662,'Bergman','Преподаватель',642),(663,'Joseph','Кассир ',643),(664,'Giff','Консультант',644),(665,'Alcott','Настройщик',645),(666,'Norrie','Кассир ',646),(667,'Kannry','Кассир ',647),(668,'Karna','Кассир ',648),(669,'Nisbet','Настройщик',649),(670,'Berard','Консультант',650),(671,'Dosia','Продавец ',651),(672,'Rustice','Кассир ',652),(673,'Morgun','Консультант',653),(674,'Sabella','Кассир ',654),(675,'Nerita','Продавец ',655),(676,'Hessler','Консультант',656),(677,'Hedve','Кассир ',657),(678,'LaRue','Настройщик',658),(679,'Ilka','Настройщик',659),(680,'Leler','Настройщик',660),(681,'Alwin','Преподаватель',661),(682,'Xerxes','Консультант',662),(683,'Lissi','Консультант',663),(684,'Emmaline','Продавец ',664),(685,'Lytton','Настройщик',665),(686,'Johanna','Консультант',666),(687,'Wenda','Настройщик',667),(688,'Ralfston','Кассир ',668),(689,'Christal','Преподаватель',669),(690,'Donell','Консультант',670),(691,'Jerald','Преподаватель',671),(692,'Cyrie','Преподаватель',672),(693,'Rubie','Настройщик',673),(694,'Irmine','Консультант',674),(695,'Montgomery','Кассир ',675),(696,'Holbrook','Консультант',676),(697,'Lauraine','Кассир ',677),(698,'Birdella','Кассир ',678),(699,'Carmena','Продавец ',679),(700,'Medrek','Преподаватель',680),(701,'Johanna','Настройщик',681),(702,'Bertold','Преподаватель',682),(703,'Uund','Настройщик',683),(704,'Henrie','Преподаватель',684),(705,'Guildroy','Консультант',685),(706,'Granoff','Консультант',686),(707,'Standing','Продавец ',687),(708,'Bebe','Консультант',688),(709,'Wu','Кассир ',689),(710,'Brenn','Кассир ',690),(711,'Aurelio','Преподаватель',691),(712,'Cullin','Кассир ',692),(713,'Fulmer','Консультант',693),(714,'Palocz','Преподаватель',694),(715,'Kauppi','Продавец ',695),(716,'Faro','Консультант',696),(717,'McClimans','Продавец ',697),(718,'Harned','Кассир ',698),(719,'Haymes','Настройщик',699),(720,'Loring','Кассир ',700),(721,'Rozanna','Настройщик',701),(722,'Persse','Настройщик',702),(723,'Peg','Преподаватель',703),(724,'Amand','Консультант',704),(725,'Lay','Кассир ',705),(726,'Fabiola','Преподаватель',706),(727,'Mallon','Преподаватель',707),(728,'Tillford','Настройщик',708),(729,'Nedrud','Настройщик',709),(730,'Cottle','Консультант',710),(731,'McLaughlin','Кассир ',711),(732,'Lilas','Кассир ',712),(733,'Moina','Кассир ',713),(734,'Allina','Настройщик',714),(735,'Haymes','Продавец ',715),(736,'Clarissa','Кассир ',716),(737,'Si','Настройщик',717),(738,'Greenwald','Преподаватель',718),(739,'Jeanne','Преподаватель',719),(740,'Stav','Консультант',720),(741,'Leler','Продавец ',721),(742,'Hanshaw','Кассир ',722),(743,'Lynn','Кассир ',723),(744,'Rosette','Консультант',724),(745,'Waite','Продавец ',725),(746,'Cleo','Продавец ',726),(747,'Toffic','Консультант',727),(748,'Shaver','Кассир ',728),(749,'Taam','Продавец ',729),(750,'Ricarda','Преподаватель',730),(751,'Rodmann','Продавец ',731),(752,'Jarib','Консультант',732),(753,'Kauppi','Настройщик',733),(754,'Deny','Кассир ',734),(755,'Winnick','Консультант',735),(756,'Brodench','Консультант',736),(757,'Dreda','Кассир ',737),(758,'Fulmer','Кассир ',738),(759,'Bahr','Кассир ',739),(760,'Telfer','Продавец ',740),(761,'Romelda','Преподаватель',741),(762,'Malina','Настройщик',742),(763,'Revkah','Продавец ',743),(764,'Margarete','Консультант',744),(765,'Korey','Продавец ',745),(766,'Willie','Продавец ',746),(767,'Sigfrid','Продавец ',747),(768,'Sadowski','Кассир ',748),(769,'Bahr','Настройщик',749),(770,'Zina','Продавец ',750),(771,'Kenney','Кассир ',751),(772,'Nea','Продавец ',752),(773,'Bobbee','Преподаватель',753),(774,'Etom','Преподаватель',754),(775,'Tjon','Продавец ',755),(776,'Eno','Кассир ',756),(777,'Barney','Кассир ',757),(778,'Zina','Продавец ',758),(779,'Henebry','Преподаватель',759),(780,'Brittani','Преподаватель',760),(781,'Grobe','Кассир ',761),(782,'Vins','Кассир ',762),(783,'Nahum','Консультант',763),(784,'Lia','Настройщик',764),(785,'Alejoa','Преподаватель',765),(786,'Reneta','Кассир ',766),(787,'Adore','Преподаватель',767),(788,'Riordan','Консультант',768),(789,'Egbert','Консультант',769),(790,'Tybald','Преподаватель',770),(791,'Elvyn','Преподаватель',771),(792,'Karl','Кассир ',772),(793,'Hermes','Продавец ',773),(794,'Zenas','Настройщик',774),(795,'Lanita','Консультант',775),(796,'Dituri','Кассир ',776),(797,'Idelia','Продавец ',777),(798,'Holbrook','Преподаватель',778),(799,'Adlare','Продавец ',779),(800,'Adlare','Настройщик',780),(801,'Fontana','Консультант',781),(802,'Vilma','Консультант',782),(803,'Allare','Настройщик',783),(804,'Belldas','Преподаватель',784),(805,'Craggie','Кассир ',785),(806,'Cottle','Преподаватель',786),(807,'Eno','Кассир ',787),(808,'Dimitris','Консультант',788),(809,'Sammons','Кассир ',789),(810,'Joseph','Консультант',790),(811,'Amasa','Кассир ',791),(812,'Percy','Кассир ',792),(813,'Croix','Продавец ',793),(814,'Westphal','Настройщик',794),(815,'Winthorpe','Настройщик',795),(816,'Holbrook','Консультант',796),(817,'Nelsen','Консультант',797),(818,'Brian','Консультант',798),(819,'Albertine','Продавец ',799),(820,'Tippets','Кассир ',800),(821,'Gerge','Настройщик',801),(822,'Astra','Консультант',802),(823,'Roumell','Настройщик',803),(824,'Ball','Преподаватель',804),(825,'Clarissa','Настройщик',805),(826,'Cath','Продавец ',806),(827,'Stevy','Продавец ',807),(828,'Ferrell','Настройщик',808),(829,'Dulciana','Кассир ',809),(830,'Wattenberg','Продавец ',810),(831,'Wadell','Кассир ',811),(832,'Genna','Консультант',812),(833,'Lattie','Продавец ',813),(834,'Dermott','Настройщик',814),(835,'Sprage','Кассир ',815),(836,'Hathaway','Кассир ',816),(837,'Blake','Консультант',817),(838,'Phyllis','Настройщик',818),(839,'Mehalek','Кассир ',819),(840,'Martsen','Продавец ',820),(841,'Rozanna','Кассир ',821),(842,'Karna','Продавец ',822),(843,'Cherianne','Кассир ',823),(844,'Maxi','Настройщик',824),(845,'Madox','Консультант',825),(846,'Rubie','Продавец ',826),(847,'Reidar','Преподаватель',827),(848,'Harday','Продавец ',828),(849,'Yusuk','Настройщик',829),(850,'Burch','Консультант',830),(851,'Elisha','Продавец ',831),(852,'Jorgan','Преподаватель',832),(853,'Mauer','Настройщик',833),(854,'Vary','Консультант',834),(855,'Shuler','Продавец ',835),(856,'Viddah','Кассир ',836),(857,'Warthman','Настройщик',837),(858,'Olnee','Настройщик',838),(859,'Iaverne','Настройщик',839),(860,'Adore','Консультант',840),(861,'Cullin','Настройщик',841),(862,'Jary','Консультант',842),(863,'Tufts','Преподаватель',843),(864,'Lumbard','Преподаватель',844),(865,'Bigner','Кассир ',845),(866,'Saunderson','Кассир ',846),(867,'Meter','Настройщик',847),(868,'An','Настройщик',848),(869,'Leffen','Настройщик',849),(870,'Helve','Преподаватель',850),(871,'Himelman','Преподаватель',851),(872,'Felecia','Продавец ',852),(873,'Diann','Кассир ',853),(874,'Kaja','Кассир ',854),(875,'Goth','Продавец ',855),(876,'Salchunas','Настройщик',856),(877,'Shanley','Консультант',857),(878,'Lunsford','Настройщик',858),(879,'Silvan','Настройщик',859),(880,'Lorenz','Настройщик',860),(881,'Bonilla','Кассир ',861),(882,'Ummersen','Консультант',862),(883,'Croix','Консультант',863),(884,'Moina','Продавец ',864),(885,'Emmaline','Настройщик',865),(886,'Bethany','Кассир ',866),(887,'Even','Кассир ',867),(888,'Durware','Консультант',868),(889,'Jarib','Настройщик',869),(890,'Beebe','Преподаватель',870),(891,'Euridice','Настройщик',871),(892,'Brodench','Преподаватель',872),(893,'Chabot','Продавец ',873),(894,'Kathie','Настройщик',874),(895,'Bari','Консультант',875),(896,'Ochs','Продавец ',876),(897,'Stoller','Консультант',877),(898,'Rheingold','Преподаватель',878),(899,'Euridice','Продавец ',879),(900,'Allys','Преподаватель',880),(901,'Croix','Консультант',881),(902,'Sigfrid','Настройщик',882),(903,'Means','Консультант',883),(904,'Warthman','Преподаватель',884),(905,'Narton','Настройщик',885),(906,'Oriana','Настройщик',886),(907,'Gaal','Настройщик',887),(908,'Wesle','Консультант',888),(909,'Xerxes','Настройщик',889),(910,'Cassius','Продавец ',890),(911,'Rocray','Консультант',891),(912,'Sancho','Преподаватель',892),(913,'Ardeha','Настройщик',893),(914,'Braun','Настройщик',894),(915,'Joachim','Преподаватель',895),(916,'Syd','Настройщик',896),(917,'Fitzsimmons','Преподаватель',897),(918,'Bronk','Кассир ',898),(919,'Ardra','Настройщик',899),(920,'Herrera','Преподаватель',900),(921,'Bonucci','Преподаватель',901),(922,'Eugenia','Продавец ',902),(923,'Maroney','Консультант',903),(924,'Stelle','Настройщик',904),(925,'Fancie','Консультант',905),(926,'Brenn','Консультант',906),(927,'Tacye','Продавец ',907),(928,'Blake','Консультант',908),(929,'Belldas','Кассир ',909),(930,'Edvard','Преподаватель',910),(931,'Grobe','Консультант',911),(932,'Nickola','Кассир ',912),(933,'Posner','Настройщик',913),(934,'Ummersen','Настройщик',914),(935,'Izaak','Настройщик',915),(936,'Jerald','Преподаватель',916),(937,'Rurik','Настройщик',917),(938,'Stover','Консультант',918),(939,'Payson','Преподаватель',919),(940,'Himelman','Преподаватель',920),(941,'Eldrid','Консультант',921),(942,'Mike','Настройщик',922),(943,'Evangelia','Продавец ',923),(944,'Rudolph','Продавец ',924),(945,'Blisse','Настройщик',925),(946,'Kussell','Продавец ',926),(947,'Madaih','Настройщик',927),(948,'Lea','Консультант',928),(949,'Kathie','Настройщик',929),(950,'Candy','Консультант',930),(951,'Gabrielli','Консультант',931),(952,'Cosenza','Настройщик',932),(953,'Allare','Продавец ',933),(954,'Chinua','Продавец ',934),(955,'Tamsky','Кассир ',935),(956,'Belanger','Продавец ',936),(957,'Ball','Настройщик',937),(958,'Lamoree','Консультант',938),(959,'Hashim','Кассир ',939),(960,'Nahum','Продавец ',940),(961,'Ricki','Консультант',941),(962,'Eachern','Продавец ',942),(963,'Chobot','Продавец ',943),(964,'Oriana','Настройщик',944),(965,'Christine','Кассир ',945),(966,'Serilda','Настройщик',946),(967,'Lea','Преподаватель',947),(968,'Tamsky','Консультант',948),(969,'Munn','Консультант',949),(970,'Maiah','Продавец ',950),(971,'Demitria','Продавец ',951),(972,'Berriman','Продавец ',952),(973,'Greenwald','Настройщик',953),(974,'Bates','Продавец ',954),(975,'Tremayne','Преподаватель',955),(976,'Nance','Преподаватель',956),(977,'Cordi','Консультант',957),(978,'Oneida','Кассир ',958),(979,'Rolf','Продавец ',959),(980,'Felizio','Настройщик',960),(981,'Rese','Настройщик',961),(982,'Nea','Преподаватель',962),(983,'Kendrick','Настройщик',963),(984,'Colleen','Продавец ',964),(985,'Whittaker','Консультант',965),(986,'Madelene','Настройщик',966),(987,'Mandler','Преподаватель',967),(988,'Corrine','Настройщик',968),(989,'Arne','Преподаватель',969),(990,'Remmer','Преподаватель',970),(991,'Tatianas','Продавец ',971),(992,'Chick','Кассир ',972),(993,'Munn','Настройщик',973),(994,'Ax','Настройщик',974),(995,'Ajay','Продавец ',975),(996,'Raama','Консультант',976),(997,'Glenden','Продавец ',977),(998,'Casimir','Консультант',978),(999,'Ethban','Преподаватель',979),(1000,'Simmonds','Преподаватель',980),(1001,'Christine','Консультант',981),(1002,'Diogenes','Продавец ',982),(1003,'Fairweather','Консультант',983),(1004,'Albertine','Консультант',984),(1005,'Avi','Настройщик',985),(1006,'Lynn','Продавец ',986),(1007,'Ephrem','Преподаватель',987),(1008,'Medrek','Продавец ',988),(1009,'Marden','Преподаватель',989),(1010,'Teddman','Преподаватель',990),(1011,'Nikaniki','Консультант',991),(1012,'Yate','Кассир ',992),(1013,'Read','Продавец ',993),(1014,'Stover','Кассир ',994),(1015,'Amasa','Кассир ',995),(1016,'Even','Настройщик',996),(1017,'Pond','Консультант',997),(1018,'Revkah','Настройщик',998),(1019,'Thad','Кассир ',999),(1020,'Japeth','Преподаватель',1000);
/*!40000 ALTER TABLE `employees` ENABLE KEYS */;
UNLOCK TABLES;

--
-- Table structure for table `kit`
--

DROP TABLE IF EXISTS `kit`;
/*!40101 SET @saved_cs_client     = @@character_set_client */;
 SET character_set_client = utf8mb4 ;
CREATE TABLE `kit` (
  `idkit` int(11) NOT NULL AUTO_INCREMENT,
  `discount` float NOT NULL,
  PRIMARY KEY (`idkit`)
) ENGINE=InnoDB DEFAULT CHARSET=utf8 COLLATE=utf8_general_ci;
/*!40101 SET character_set_client = @saved_cs_client */;

--
-- Dumping data for table `kit`
--

LOCK TABLES `kit` WRITE;
/*!40000 ALTER TABLE `kit` DISABLE KEYS */;
INSERT INTO `kit` VALUES (1,15),(2,20);
/*!40000 ALTER TABLE `kit` ENABLE KEYS */;
UNLOCK TABLES;

--
-- Table structure for table `manufacturer`
--

DROP TABLE IF EXISTS `manufacturer`;
/*!40101 SET @saved_cs_client     = @@character_set_client */;
 SET character_set_client = utf8mb4 ;
CREATE TABLE `manufacturer` (
  `idmanufacturer` int(11) NOT NULL AUTO_INCREMENT,
  `name` varchar(45) NOT NULL,
  `adress` varchar(45) NOT NULL,
  PRIMARY KEY (`idmanufacturer`)
) ENGINE=InnoDB DEFAULT CHARSET=utf8 COLLATE=utf8_general_ci;
/*!40101 SET character_set_client = @saved_cs_client */;

--
-- Dumping data for table `manufacturer`
--

LOCK TABLES `manufacturer` WRITE;
/*!40000 ALTER TABLE `manufacturer` DISABLE KEYS */;
INSERT INTO `manufacturer` VALUES (1,'Yamaha','Япония'),(2,'Fender','США'),(3,'Ibanez','Япония'),(4,'Gibson','США'),(5,'Martin','США, Нью-Йорк'),(6,'Epiphone','США'),(7,'Taylor','США'),(8,'Cort','Индонезия'),(9,'Vox','Великобритания'),(10,'Flight','Китай'),(12,'Васины гитары','Россия');
/*!40000 ALTER TABLE `manufacturer` ENABLE KEYS */;
UNLOCK TABLES;

--
-- Table structure for table `music_courses`
--

DROP TABLE IF EXISTS `music_courses`;
/*!40101 SET @saved_cs_client     = @@character_set_client */;
 SET character_set_client = utf8mb4 ;
CREATE TABLE `music_courses` (
  `idmusic_courses` int(11) NOT NULL,
  `type` varchar(45) NOT NULL,
  `id_music_instrument` int(11) NOT NULL,
  KEY `fk_music_courses_product_idx` (`id_music_instrument`),
  CONSTRAINT `fk_music_courses_product` FOREIGN KEY (`id_music_instrument`) REFERENCES `music_instrument` (`idmusic_instrument`)
) ENGINE=InnoDB DEFAULT CHARSET=utf8 COLLATE=utf8_general_ci;
/*!40101 SET character_set_client = @saved_cs_client */;

--
-- Dumping data for table `music_courses`
--

LOCK TABLES `music_courses` WRITE;
/*!40000 ALTER TABLE `music_courses` DISABLE KEYS */;
INSERT INTO `music_courses` VALUES (11,'20ти дневный курс',7);
/*!40000 ALTER TABLE `music_courses` ENABLE KEYS */;
UNLOCK TABLES;

--
-- Table structure for table `music_instrument`
--

DROP TABLE IF EXISTS `music_instrument`;
/*!40101 SET @saved_cs_client     = @@character_set_client */;
 SET character_set_client = utf8mb4 ;
CREATE TABLE `music_instrument` (
  `idmusic_instrument` int(11) NOT NULL AUTO_INCREMENT,
  `id_type` int(11) NOT NULL,
  PRIMARY KEY (`idmusic_instrument`),
  KEY `fk_music_instrumen_type_idx` (`id_type`),
  CONSTRAINT `fk_music_instrumen_product` FOREIGN KEY (`idmusic_instrument`) REFERENCES `product` (`idproduct`),
  CONSTRAINT `fk_music_instrumen_type` FOREIGN KEY (`id_type`) REFERENCES `type` (`idtype`)
) ENGINE=InnoDB DEFAULT CHARSET=utf8 COLLATE=utf8_general_ci;
/*!40101 SET character_set_client = @saved_cs_client */;

--
-- Dumping data for table `music_instrument`
--

LOCK TABLES `music_instrument` WRITE;
/*!40000 ALTER TABLE `music_instrument` DISABLE KEYS */;
INSERT INTO `music_instrument` VALUES (1,7),(11,7),(16,7),(2,8),(3,8),(6,10),(8,11),(4,12),(10,13),(5,14),(7,15),(9,16);
/*!40000 ALTER TABLE `music_instrument` ENABLE KEYS */;
UNLOCK TABLES;

--
-- Table structure for table `music_store`
--

DROP TABLE IF EXISTS `music_store`;
/*!40101 SET @saved_cs_client     = @@character_set_client */;
 SET character_set_client = utf8mb4 ;
CREATE TABLE `music_store` (
  `idmusic_store` int(11) NOT NULL AUTO_INCREMENT,
  `adress` varchar(45) NOT NULL,
  PRIMARY KEY (`idmusic_store`)
) ENGINE=InnoDB DEFAULT CHARSET=utf8 COLLATE=utf8_general_ci;
/*!40101 SET character_set_client = @saved_cs_client */;

--
-- Dumping data for table `music_store`
--

LOCK TABLES `music_store` WRITE;
/*!40000 ALTER TABLE `music_store` DISABLE KEYS */;
INSERT INTO `music_store` VALUES (1,'Михайловка'),(2,'Москва'),(3,'Воронеж'),(4,'Сочи'),(5,'Казань'),(6,'Пермь'),(7,'Саратов'),(8,'Самара'),(9,'Ярославль '),(10,'Pekanbaru'),(11,'Bergen'),(12,'Jinan'),(13,'Hanga Roa'),(14,'Boa Vista'),(15,'Ahmedabad'),(16,'Hargeisa'),(17,'Vladivostok'),(18,'Salt Lake City'),(19,'Mogadishu'),(20,'Kolkata'),(21,'Montevideo'),(22,'Mecca'),(23,'Yaren District'),(24,'Manzini'),(25,'Amman'),(26,'Invercargill'),(27,'Qingdao'),(28,'Greenwich'),(29,'Mumbai'),(30,'Boston'),(31,'Málaga'),(32,'Kyoto'),(33,'Ho Chi Minh City'),(34,'Aarhus'),(35,'Seoul'),(36,'Valletta'),(37,'Accra'),(38,'Dededo'),(39,'Oslo'),(40,'Minsk'),(41,'Lhasa'),(42,'Calama'),(43,'Vaduz'),(44,'Podgorica'),(45,'Abidjan'),(46,'Petropavlovsk-Kamchatsky'),(47,'Fortaleza'),(48,'Sucre'),(49,'Nantes'),(50,'Bangalore'),(51,'Santa Cruz de la Sierra'),(52,'City of San Marino'),(53,'Ambon'),(54,'Bilbao'),(55,'Dededo'),(56,'Kyoto'),(57,'Bangui'),(58,'Tashkent'),(59,'Yaoundé'),(60,'Brussels'),(61,'Durban'),(62,'Basse-Terre'),(63,'Hilo'),(64,'Incheon'),(65,'Islamabad'),(66,'Manaus'),(67,'Beirut'),(68,'Bogor'),(69,'Busan'),(70,'Belém'),(71,'Algiers'),(72,'Cardiff'),(73,'Brasília'),(74,'Ürümqi'),(75,'Zamboanga City'),(76,'Munich'),(77,'Iloilo City'),(78,'Johannesburg'),(79,'Newcastle'),(80,'New Orleans'),(81,'Thessaloniki'),(82,'Harare'),(83,'Ulan Bator'),(84,'Calama'),(85,'Washington'),(86,'Thimphu'),(87,'Banda Aceh'),(88,'Nuuk'),(89,'Hagåtña'),(90,'El Paso'),(91,'Srinagar'),(92,'Salt Lake City'),(93,'Siem Reap'),(94,'Kandy'),(95,'Kingston'),(96,'The Hague'),(97,'São Tomé'),(98,'Phnom Penh'),(99,'Cotonou'),(100,'Khartoum'),(101,'Albuquerque'),(102,'Chuí'),(103,'Asunción'),(104,'Tallinn'),(105,'Leeds'),(106,'Monaco'),(107,'Puebla'),(108,'Hong Kong'),(109,'Dublin'),(110,'Brasília'),(111,'Hangzhou'),(112,'Edmonton'),(113,'Kaesong'),(114,'Quetzaltenango'),(115,'Shenyang'),(116,'Cape Town'),(117,'Chittagong'),(118,'Tampa'),(119,'Konya'),(120,'Kyoto'),(121,'Luxor'),(122,'Tskhinvali'),(123,'Córdoba'),(124,'Basse-Terre'),(125,'Munich'),(126,'Iquitos'),(127,'Adak'),(128,'Memphis'),(129,'Petropavlovsk-Kamchatsky'),(130,'Chaguanas'),(131,'Port Vila'),(132,'Bandung'),(133,'Kansas City'),(134,'Vientiane'),(135,'Ibadan'),(136,'Labasa'),(137,'Sapporo'),(138,'Denpasar'),(139,'Dakar'),(140,'St. Louis'),(141,'Canberra'),(142,'Hyderabad'),(143,'Yerevan'),(144,'Marseille'),(145,'Fort-de-France'),(146,'Gothenburg'),(147,'Lanzhou'),(148,'Maseru'),(149,'Astana'),(150,'Ho Chi Minh City'),(151,'Tianjin'),(152,'Chuí'),(153,'Macapá'),(154,'Minsk'),(155,'Cincinnati'),(156,'Pune'),(157,'Kraków'),(158,'Port-au-Prince'),(159,'Saipan'),(160,'Nukus'),(161,'Havana'),(162,'Banda Aceh'),(163,'Yerevan'),(164,'Luanda'),(165,'Hargeisa'),(166,'Apia'),(167,'Cali'),(168,'Guwahati'),(169,'Kano'),(170,'Faisalabad'),(171,'Wollongong'),(172,'Zagreb'),(173,'Lima'),(174,'Gaziantep'),(175,'Atlanta'),(176,'Portland'),(177,'Sucre'),(178,'Vienna'),(179,'Dresden'),(180,'Wichita'),(181,'Arbil'),(182,'Amritsar'),(183,'Nantes'),(184,'Shenyang'),(185,'Juneau'),(186,'Rotterdam'),(187,'Shijiazhuang'),(188,'Murmansk'),(189,'Saint Petersburg'),(190,'Yakutsk'),(191,'Baku'),(192,'Charlotte'),(193,'Busan'),(194,'Basse-Terre'),(195,'Maceió'),(196,'Mexico City'),(197,'Magadan'),(198,'Invercargill'),(199,'Norilsk'),(200,'Düsseldorf'),(201,'Kunming'),(202,'Paris'),(203,'Jakarta'),(204,'Canberra'),(205,'Reykjavík'),(206,'Belfast'),(207,'Perm'),(208,'Srinagar'),(209,'Mata-Utu'),(210,'Jersey City'),(211,'Francistown'),(212,'Dar es Salaam'),(213,'Prague'),(214,'Lusaka'),(215,'Sucre'),(216,'Ludhiana'),(217,'Lyon'),(218,'Saint Petersburg'),(219,'Birkirkara'),(220,'Papeete'),(221,'Hilo'),(222,'Labasa'),(223,'Campo Grande'),(224,'Santiago'),(225,'Riga'),(226,'Calama'),(227,'Konya'),(228,'Podgorica'),(229,'Paris'),(230,'Vilnius'),(231,'Hilo'),(232,'Canberra'),(233,'London'),(234,'Moscow'),(235,'Kuching'),(236,'Ankara'),(237,'The Hague'),(238,'Austin'),(239,'Rosario'),(240,'Wellington'),(241,'Prague'),(242,'Bilbao'),(243,'Kansas City'),(244,'Cusco'),(245,'Cayenne'),(246,'Taiyuan'),(247,'Magadan'),(248,'Kunming'),(249,'Reykjavík'),(250,'Kunming'),(251,'Rabi Island'),(252,'Casablanca'),(253,'Seattle'),(254,'Port Louis'),(255,'Hangzhou'),(256,'Alor Star'),(257,'Dar es Salaam'),(258,'Nakhon Ratchasima'),(259,'İzmir'),(260,'Paramaribo'),(261,'İzmir'),(262,'Pattaya'),(263,'San Antonio'),(264,'Stuttgart'),(265,'Dallas'),(266,'Quebec City'),(267,'Shanghai'),(268,'Iquitos'),(269,'Hamilton'),(270,'Odessa'),(271,'Montevideo'),(272,'Riga'),(273,'Mwanza'),(274,'Dubai'),(275,'Koulikoro'),(276,'Nicosia'),(277,'Aberdeen'),(278,'Virginia Beach'),(279,'Iloilo City'),(280,'Chişinău'),(281,'Mashhad'),(282,'Rio de Janeiro'),(283,'St. John\'s'),(284,'Ndola'),(285,'Kiev'),(286,'Lubumbashi'),(287,'Geelong'),(288,'Fukuoka'),(289,'Ankara'),(290,'Abuja'),(291,'Frankfurt'),(292,'Innsbruck'),(293,'Ponta Delgada'),(294,'Yakutsk'),(295,'Manaus'),(296,'Portland'),(297,'Almaty'),(298,'Cairo'),(299,'Ilhéus'),(300,'Adak'),(301,'Porto Alegre'),(302,'Bursa'),(303,'Campinas'),(304,'Kharkiv'),(305,'Bogotá'),(306,'Shenyang'),(307,'Espoo'),(308,'Islamabad'),(309,'Malmö'),(310,'Bishkek'),(311,'Aberdeen'),(312,'Ankara'),(313,'Vancouver'),(314,'Algiers'),(315,'Hilo'),(316,'Jacksonville'),(317,'Madrid'),(318,'Chişinău'),(319,'Omdurman'),(320,'Darwin'),(321,'Concepción'),(322,'Amsterdam'),(323,'Bogor'),(324,'Edmonton'),(325,'St. John\'s'),(326,'Basra'),(327,'Samara'),(328,'Toulouse'),(329,'Veracruz'),(330,'Kansas City'),(331,'Bilbao'),(332,'Yokohama'),(333,'Yamoussoukro'),(334,'Baltimore'),(335,'Mamoudzou'),(336,'Paramaribo'),(337,'Cairns'),(338,'Tartu'),(339,'Quebec City'),(340,'Avarua'),(341,'Dammam'),(342,'Milwaukee'),(343,'Guadalajara'),(344,'Perth'),(345,'Blantyre'),(346,'Raleigh'),(347,'La Paz'),(348,'Kyoto'),(349,'Nukus'),(350,'Hangzhou'),(351,'Alofi'),(352,'São Tomé'),(353,'Saint John'),(354,'San Francisco'),(355,'Hai Phong'),(356,'Yangon'),(357,'Jinan'),(358,'Albuquerque'),(359,'Hangzhou'),(360,'Batticaloa'),(361,'Vilnius'),(362,'Dibrugarh'),(363,'Saskatoon'),(364,'Hanoi'),(365,'Munich'),(366,'Seattle'),(367,'Douala'),(368,'Shigatse'),(369,'Assis'),(370,'Jamestown'),(371,'Iloilo City'),(372,'Cincinnati'),(373,'Montreal'),(374,'Maputo'),(375,'Abidjan'),(376,'Sri Jayawardenapura-Kotte'),(377,'Sri Jayawardenapura-Kotte'),(378,'Port-au-Prince'),(379,'Saskatoon'),(380,'Mexico City'),(381,'Antwerp'),(382,'Manchester'),(383,'Gaziantep'),(384,'Yokohama'),(385,'London'),(386,'Kigali'),(387,'Kingstown'),(388,'Chihuahua'),(389,'Port of Spain'),(390,'Gangtok'),(391,'Montreal'),(392,'Odessa'),(393,'Sarajevo'),(394,'Thessaloniki'),(395,'Maceió'),(396,'Cuiabá'),(397,'İzmir'),(398,'Brikama'),(399,'Nukuʻalofa'),(400,'Brazzaville'),(401,'Nukuʻalofa'),(402,'Panama City'),(403,'Chittagong'),(404,'Bogor'),(405,'Warsaw'),(406,'Chuí'),(407,'Alofi'),(408,'Busan'),(409,'Srinagar'),(410,'Mata-Utu'),(411,'Rotterdam'),(412,'Belmopan'),(413,'Vienna'),(414,'Cairo'),(415,'Dili'),(416,'Tórshavn'),(417,'Houston'),(418,'Shanghai'),(419,'Charlotte'),(420,'Canberra'),(421,'İzmir'),(422,'Astana'),(423,'Daegu'),(424,'Jinan'),(425,'Beijing'),(426,'Hilo'),(427,'Tunis'),(428,'Rotterdam'),(429,'Fort-de-France'),(430,'Tirana'),(431,'Toulouse'),(432,'Ipoh'),(433,'Pekanbaru'),(434,'Castries'),(435,'Kyoto'),(436,'Murmansk'),(437,'Valletta'),(438,'Calgary'),(439,'Gaziantep'),(440,'Stanley'),(441,'Ürümqi'),(442,'Tashkent'),(443,'Phnom Penh'),(444,'Yokohama'),(445,'Edinburgh'),(446,'Ouagadougou'),(447,'Rabat'),(448,'Cebu City'),(449,'Alor Star'),(450,'Siem Reap'),(451,'Managua'),(452,'Cali'),(453,'Adak'),(454,'Zagreb'),(455,'Sucre'),(456,'Handan'),(457,'Medina'),(458,'Agartala'),(459,'Dammam'),(460,'Minneapolis'),(461,'Wonsan'),(462,'Amman'),(463,'Paris'),(464,'Turin'),(465,'Washington'),(466,'Tirana'),(467,'Macapá'),(468,'Anadyr (town)'),(469,'Prague'),(470,'Quebec City'),(471,'Santa Cruz de la Sierra'),(472,'Tokyo'),(473,'Thiès'),(474,'Brikama'),(475,'Nairobi'),(476,'Chuí'),(477,'Kano'),(478,'Hamburg'),(479,'Shillong'),(480,'Phnom Penh'),(481,'Fukuoka'),(482,'Mexico City'),(483,'Charlottetown'),(484,'Hilo'),(485,'Yangon'),(486,'Fukuoka'),(487,'Da Nang'),(488,'Tripoli'),(489,'Pelotas'),(490,'San Fernando'),(491,'Perth'),(492,'Siem Reap'),(493,'Rosario'),(494,'Kingstown'),(495,'Tallinn'),(496,'Jeddah'),(497,'Palma'),(498,'Port Blair'),(499,'Surabaya'),(500,'Bishkek'),(501,'Dunedin'),(502,'Tucson'),(503,'Hai Phong'),(504,'Kandahar'),(505,'Huế'),(506,'Brisbane'),(507,'Boston'),(508,'Nagpur'),(509,'Sukhumi'),(510,'Atlanta'),(511,'Dongguan'),(512,'Taiyuan'),(513,'Honiara'),(514,'George Town'),(515,'Srinagar'),(516,'Mersin'),(517,'Chicago'),(518,'Niamey'),(519,'Harbin'),(520,'Copenhagen'),(521,'Rabat'),(522,'Hong Kong'),(523,'Funafuti'),(524,'Managua'),(525,'Veracruz'),(526,'Columbus'),(527,'Skopje'),(528,'Quebec City'),(529,'Koulikoro'),(530,'Calgary'),(531,'Cologne'),(532,'Multan'),(533,'Manchester'),(534,'Barcelona'),(535,'Oranjestad'),(536,'Columbus'),(537,'Patna'),(538,'Helsinki'),(539,'Saskatoon'),(540,'Melekeok'),(541,'Kandy'),(542,'Ipoh'),(543,'Angra do Heroísmo'),(544,'Bahía Blanca'),(545,'Tucson'),(546,'Shijiazhuang'),(547,'Kaliningrad'),(548,'Riga'),(549,'Maceió'),(550,'Saint-Denis'),(551,'Sofia'),(552,'Sofia'),(553,'Antwerp'),(554,'Anchorage'),(555,'Ciudad del Este'),(556,'Zapopan'),(557,'Chişinău'),(558,'Pyongyang'),(559,'Ho Chi Minh City'),(560,'Rockhampton'),(561,'Kansas City'),(562,'Nice'),(563,'Lilongwe'),(564,'Havana'),(565,'Dededo'),(566,'Samara'),(567,'Bamako'),(568,'Bishkek'),(569,'Yaren District'),(570,'Fort-de-France'),(571,'Shenyang'),(572,'Port of Spain'),(573,'Santiago'),(574,'Bangalore'),(575,'Hong Kong'),(576,'Freetown'),(577,'Brussels'),(578,'City of Halifax'),(579,'Kunming'),(580,'Columbus'),(581,'Banjul'),(582,'Minneapolis'),(583,'Fort-de-France'),(584,'Nassau'),(585,'Rome'),(586,'Seville'),(587,'Samara'),(588,'Mata-Utu'),(589,'Vienna'),(590,'Espoo'),(591,'Punta Arenas'),(592,'Maceió'),(593,'Leeds'),(594,'Monrovia'),(595,'Kuwait City'),(596,'Konya'),(597,'Barcelona'),(598,'Townsville'),(599,'Hat Yai'),(600,'Macau'),(601,'Tbilisi'),(602,'Porto'),(603,'Yangon'),(604,'Bujumbura'),(605,'Roseau'),(606,'London'),(607,'Koror'),(608,'Palikir'),(609,'Banjul'),(610,'Cannes'),(611,'Cairo'),(612,'Munich'),(613,'Abu Dhabi'),(614,'Suez'),(615,'Rio de Janeiro'),(616,'Puerto Williams'),(617,'Guatemala City'),(618,'Adak'),(619,'Lobamba'),(620,'Cincinnati'),(621,'Townsville'),(622,'Port Hedland'),(623,'San José'),(624,'Tucson'),(625,'Petropavlovsk-Kamchatsky'),(626,'Papeete'),(627,'Livingstone'),(628,'Malé'),(629,'Cork (city)'),(630,'Incheon'),(631,'Denpasar'),(632,'Whitehorse'),(633,'Jaipur'),(634,'Virginia Beach'),(635,'San Juan'),(636,'Columbus'),(637,'Melbourne'),(638,'Yerevan'),(639,'Charlotte Amalie'),(640,'Iquique'),(641,'Porto Velho'),(642,'Palma'),(643,'St. George\'s'),(644,'Port Hedland'),(645,'Ho Chi Minh City'),(646,'Durango'),(647,'Macau'),(648,'Frankfurt'),(649,'San Juan'),(650,'Palikir'),(651,'St. George\'s'),(652,'Tagbilaran'),(653,'Patna'),(654,'Juneau'),(655,'Nizhny Novgorod'),(656,'Simferopol'),(657,'Chengdu'),(658,'Moscow'),(659,'Perth'),(660,'Singapore'),(661,'Charlotte Amalie'),(662,'City of Halifax'),(663,'Peshawar'),(664,'Greenwich'),(665,'Nouméa'),(666,'Quito'),(667,'Weno'),(668,'Dili'),(669,'Podgorica'),(670,'Suez'),(671,'Santiago'),(672,'Ürümqi'),(673,'Zürich'),(674,'Surat Thani'),(675,'Auckland'),(676,'Valparaíso'),(677,'Port-au-Prince'),(678,'Rio Branco'),(679,'Bahía Blanca'),(680,'Nukulaelae'),(681,'Málaga'),(682,'Yerevan'),(683,'Monaco'),(684,'Timbuktu'),(685,'Asmara'),(686,'Odessa'),(687,'Karachi'),(688,'Cleveland'),(689,'Sana\'a'),(690,'Wellington'),(691,'Chuí'),(692,'Chuí'),(693,'Málaga'),(694,'Bridgetown'),(695,'Maceió'),(696,'Pittsburgh'),(697,'Atlanta'),(698,'Port-au-Prince'),(699,'Sana\'a'),(700,'Kobe'),(701,'Bissau'),(702,'Hanoi'),(703,'Lviv'),(704,'Karachi'),(705,'Bandar Seri Begawan'),(706,'Kraków'),(707,'Seattle'),(708,'Birmingham'),(709,'Bilbao'),(710,'Taichung'),(711,'Mamoudzou'),(712,'Balikpapan'),(713,'Miri'),(714,'Salzburg'),(715,'Palma'),(716,'Turin'),(717,'Suva'),(718,'Zagreb'),(719,'Oslo'),(720,'Surabaya'),(721,'Suva'),(722,'Helsinki'),(723,'Adelaide'),(724,'Mata-Utu'),(725,'Shenyang'),(726,'Phoenix'),(727,'Agartala'),(728,'Nuuk'),(729,'Frankfurt'),(730,'Belize City'),(731,'Iqaluit'),(732,'Charlottetown'),(733,'Jacksonville'),(734,'Nanning'),(735,'Nouakchott'),(736,'South Tarawa'),(737,'City of Halifax'),(738,'Barranquilla'),(739,'Cape Town'),(740,'El Aaiún'),(741,'Auckland'),(742,'Auckland'),(743,'Detroit'),(744,'Papeete'),(745,'Auckland'),(746,'Calama'),(747,'Minneapolis'),(748,'Asmara'),(749,'La Paz'),(750,'Shigatse'),(751,'Puerto Williams'),(752,'Chihuahua'),(753,'Pittsburgh'),(754,'Shigatse'),(755,'Abidjan'),(756,'Oslo'),(757,'Bulawayo'),(758,'Luxembourg (city)'),(759,'Ürümqi'),(760,'Glasgow'),(761,'Funafuti'),(762,'Brazzaville'),(763,'Asmara'),(764,'Adelaide'),(765,'Lubumbashi'),(766,'Quezon City'),(767,'St. Louis'),(768,'Antofagasta'),(769,'Copenhagen'),(770,'Vilnius'),(771,'Miri'),(772,'Stuttgart'),(773,'Xining'),(774,'Bucharest'),(775,'New Orleans'),(776,'Curitiba'),(777,'Sukhumi'),(778,'Yogyakarta (city)'),(779,'Xi\'an'),(780,'Incheon'),(781,'Suez'),(782,'Kiev'),(783,'Innsbruck'),(784,'Almaty'),(785,'Recife'),(786,'Calgary'),(787,'Tegucigalpa'),(788,'Fort-de-France'),(789,'Lubumbashi'),(790,'Las Palmas de Gran Canaria'),(791,'Davao City'),(792,'Lucknow'),(793,'Omsk'),(794,'Leeds'),(795,'Dakar'),(796,'Banda Aceh'),(797,'Pago Pago'),(798,'Managua'),(799,'Minsk'),(800,'Pittsburgh'),(801,'Agartala'),(802,'Thiès'),(803,'Cleveland'),(804,'Lhasa'),(805,'Miami'),(806,'Aarhus'),(807,'Dar es Salaam'),(808,'Buffalo'),(809,'Manila'),(810,'Tokyo'),(811,'Bangui'),(812,'Durango'),(813,'Jayapura'),(814,'Montevideo'),(815,'Tampere'),(816,'Zagreb'),(817,'Kuala Lumpur'),(818,'Ambon'),(819,'Minneapolis'),(820,'Ashgabat'),(821,'Gangtok'),(822,'Gaborone'),(823,'Port-au-Prince'),(824,'Kabul'),(825,'Saskatoon'),(826,'St. Louis'),(827,'Xi\'an'),(828,'Davao City'),(829,'Jerusalem'),(830,'Dubai'),(831,'Nakhon Ratchasima'),(832,'Nairobi'),(833,'Gaza'),(834,'Kigali'),(835,'Budapest'),(836,'Bratislava'),(837,'Bamako'),(838,'Adana'),(839,'Auckland'),(840,'Singapore'),(841,'Lomé'),(842,'Boa Vista'),(843,'Hat Yai'),(844,'Port Elizabeth'),(845,'Atlanta'),(846,'Dublin'),(847,'Francistown'),(848,'Santiago de Cuba'),(849,'Dakar'),(850,'Dresden'),(851,'Malé'),(852,'Nantes'),(853,'Conakry'),(854,'Harbin'),(855,'Kuching'),(856,'Ushuaia'),(857,'Shanghai'),(858,'Kota Kinabalu'),(859,'Marrakech'),(860,'Concepción'),(861,'Francistown'),(862,'Santiago de Cuba'),(863,'Yokohama'),(864,'Brisbane'),(865,'Stepanakert'),(866,'Chongjin'),(867,'Winnipeg'),(868,'Chişinău'),(869,'Calama'),(870,'İzmir'),(871,'Munich'),(872,'Quebec City'),(873,'Shenzhen'),(874,'Mumbai'),(875,'Kharkiv'),(876,'Santa Cruz de la Sierra'),(877,'Chengdu'),(878,'Mata-Utu'),(879,'Semarang'),(880,'Willemstad'),(881,'Sitka'),(882,'Columbus'),(883,'Nukulaelae'),(884,'Doha'),(885,'Louisville'),(886,'Saskatoon'),(887,'Columbus'),(888,'Glasgow'),(889,'Sukhumi'),(890,'Wichita'),(891,'Tucson'),(892,'Amritsar'),(893,'Nicosia'),(894,'Taipei'),(895,'Riverside'),(896,'Ulan Bator'),(897,'Houston'),(898,'Cleveland'),(899,'Aberdeen'),(900,'The Hague'),(901,'Jayapura'),(902,'Stepanakert'),(903,'Kota Bharu'),(904,'La Paz'),(905,'Rawalpindi'),(906,'Bursa'),(907,'San Juan'),(908,'Malmö'),(909,'Recife'),(910,'Townsville'),(911,'Horta (Azores)'),(912,'Strasbourg'),(913,'Cebu City'),(914,'Bulawayo'),(915,'Sapporo'),(916,'Dushanbe'),(917,'Ciudad del Este'),(918,'Barranquilla'),(919,'Riverside'),(920,'Chengdu'),(921,'Kandahar'),(922,'Bern'),(923,'St. John\'s'),(924,'Adak'),(925,'Berlin'),(926,'Tokyo'),(927,'Hangzhou'),(928,'Sarajevo'),(929,'Christchurch'),(930,'Salt Lake City'),(931,'Yangon'),(932,'Algiers'),(933,'Puebla'),(934,'Bridgetown'),(935,'Port Moresby'),(936,'Kandahar'),(937,'Mexico City'),(938,'Tehran'),(939,'Cotonou'),(940,'Miami'),(941,'Praia'),(942,'Greenwich'),(943,'Santiago'),(944,'Jamestown'),(945,'Port Louis'),(946,'City of San Marino'),(947,'Antofagasta'),(948,'Newcastle'),(949,'Thimphu'),(950,'Port Elizabeth'),(951,'Baku'),(952,'Guwahati'),(953,'Bandar Seri Begawan'),(954,'Makassar'),(955,'Ashgabat'),(956,'Nizhny Novgorod'),(957,'Johannesburg'),(958,'Surat'),(959,'Cayenne'),(960,'Buenos Aires'),(961,'Rio Branco'),(962,'Recife'),(963,'Quetzaltenango'),(964,'Bandung'),(965,'Tel Aviv'),(966,'Makati City'),(967,'Banjul'),(968,'Jamestown'),(969,'Pune'),(970,'Sarajevo'),(971,'Riverside'),(972,'Sacramento'),(973,'Helsinki'),(974,'Nouméa'),(975,'Valparaíso'),(976,'Hanoi'),(977,'Prague'),(978,'Managua'),(979,'Vilnius'),(980,'Canberra'),(981,'Bogor'),(982,'Wuhan'),(983,'Port of Spain'),(984,'Santiago de Cuba'),(985,'Malang'),(986,'Dodoma'),(987,'Lubumbashi'),(988,'Handan'),(989,'Davao City'),(990,'Yakutsk'),(991,'Gaza'),(992,'Toulouse'),(993,'Kraków'),(994,'Almaty'),(995,'Jersey City'),(996,'Ahmedabad'),(997,'Palembang'),(998,'Yangon'),(999,'Brazzaville'),(1000,'Yaoundé'),(1001,'Beijing'),(1002,'Brikama'),(1003,'Pretoria'),(1004,'Kansas City'),(1005,'Hiroshima'),(1006,'Kinshasa'),(1007,'Maseru'),(1008,'Gdańsk');
/*!40000 ALTER TABLE `music_store` ENABLE KEYS */;
UNLOCK TABLES;

--
-- Table structure for table `music_store_copy`
--

DROP TABLE IF EXISTS `music_store_copy`;
/*!40101 SET @saved_cs_client     = @@character_set_client */;
 SET character_set_client = utf8mb4 ;
CREATE TABLE `music_store_copy` (
  `idmusic_store` int(11) NOT NULL AUTO_INCREMENT,
  `adress` varchar(30) NOT NULL,
  PRIMARY KEY (`idmusic_store`)
) ENGINE=InnoDB DEFAULT CHARSET=utf8 COLLATE=utf8_general_ci;
/*!40101 SET character_set_client = @saved_cs_client */;

--
-- Dumping data for table `music_store_copy`
--

LOCK TABLES `music_store_copy` WRITE;
/*!40000 ALTER TABLE `music_store_copy` DISABLE KEYS */;
INSERT INTO `music_store_copy` VALUES (1,'Михайловка'),(4,'Сочи'),(5,'');
/*!40000 ALTER TABLE `music_store_copy` ENABLE KEYS */;
UNLOCK TABLES;

--
-- Table structure for table `orders`
--

DROP TABLE IF EXISTS `orders`;
/*!40101 SET @saved_cs_client     = @@character_set_client */;
 SET character_set_client = utf8mb4 ;
CREATE TABLE `orders` (
  `idorders` int(11) NOT NULL AUTO_INCREMENT,
  `date` date NOT NULL,
  `id_employee` int(11) NOT NULL,
  PRIMARY KEY (`idorders`),
  KEY `fk_orders_employees_idx` (`id_employee`),
  CONSTRAINT `fk_orders_employees` FOREIGN KEY (`id_employee`) REFERENCES `employees` (`idemployees`)
) ENGINE=InnoDB DEFAULT CHARSET=utf8 COLLATE=utf8_general_ci;
/*!40101 SET character_set_client = @saved_cs_client */;

--
-- Dumping data for table `orders`
--

LOCK TABLES `orders` WRITE;
/*!40000 ALTER TABLE `orders` DISABLE KEYS */;
INSERT INTO `orders` VALUES (1,'2022-04-20',11),(2,'2005-02-20',12),(3,'2021-06-01',20),(4,'2014-02-14',13),(5,'2021-01-01',14),(6,'2021-02-10',15),(7,'2021-04-22',16),(8,'1973-12-06',128),(9,'1901-07-29',115),(10,'1927-10-06',171),(11,'1972-12-20',102),(12,'2008-03-29',24),(13,'1964-06-06',215),(14,'1907-01-09',229),(15,'1935-03-31',120),(16,'1928-03-06',218),(17,'1974-06-10',243),(18,'1923-01-12',13),(19,'1922-06-22',115),(20,'1929-06-19',280),(21,'2005-05-30',247),(22,'2015-06-24',201),(23,'1996-04-21',263),(24,'1977-04-28',193),(25,'1988-10-02',81),(26,'1940-06-15',55),(27,'2003-02-06',231),(28,'1914-12-02',283),(29,'1969-12-22',106),(30,'1938-04-30',118),(31,'1931-10-19',274),(32,'1938-06-20',209),(33,'1910-04-15',265),(34,'2010-02-15',193),(35,'1965-04-08',268),(36,'1982-09-17',140),(37,'1911-03-13',179),(38,'1904-11-26',292),(39,'1967-05-26',24),(40,'1972-02-01',255),(41,'1918-10-01',229),(42,'2006-03-26',216),(43,'1943-01-03',212),(44,'1958-06-15',59),(45,'1915-01-05',74),(46,'2013-03-28',133),(47,'2010-01-19',30),(48,'1937-03-06',146),(49,'1977-03-05',192),(50,'1966-01-28',52),(51,'1968-10-28',104),(52,'1942-07-27',211),(53,'1945-05-13',250),(54,'1912-11-02',97),(55,'1912-05-23',168),(56,'1910-03-27',270),(57,'1924-05-18',187),(58,'1941-04-15',249),(59,'1909-06-12',48),(60,'1968-07-26',122),(61,'1999-04-24',202),(62,'1989-04-05',275),(63,'1946-11-03',103),(64,'2015-02-03',93),(65,'1943-03-30',271),(66,'1987-03-10',218),(67,'1966-10-17',12),(68,'1992-01-18',179),(69,'1921-01-25',214),(70,'1913-04-07',198),(71,'1941-08-17',288),(72,'1923-11-14',276),(73,'1956-04-19',143),(74,'2007-12-30',299),(75,'1901-07-25',180),(76,'1956-07-08',67),(77,'1937-10-15',26),(78,'1931-11-27',272),(79,'1968-01-02',143),(80,'1972-09-29',300),(81,'2019-07-23',255),(82,'1995-03-18',207),(83,'2005-04-16',230),(84,'1955-10-21',161),(85,'1922-07-22',85),(86,'1916-10-07',42),(87,'1989-12-02',61),(88,'1993-02-25',29),(89,'2009-12-17',237),(90,'1909-09-16',98),(91,'1906-04-11',94),(92,'1927-08-08',206),(93,'1929-07-05',235),(94,'1959-07-22',29),(95,'1923-11-07',58),(96,'1977-04-09',177),(97,'1966-05-31',24),(98,'1903-05-26',195),(99,'1976-08-07',115),(100,'1977-05-02',158),(101,'2012-03-04',214),(102,'1980-03-02',94),(103,'1903-09-14',204),(104,'1971-09-28',249),(105,'1901-06-12',250),(106,'1938-11-18',249),(107,'1955-10-08',280),(108,'1937-01-21',218),(109,'1997-01-18',101),(110,'1965-02-21',165),(111,'1957-04-23',15),(112,'1950-09-28',196),(113,'1908-01-16',45),(114,'1904-01-02',25),(115,'1979-11-08',30),(116,'1995-06-29',185),(117,'1998-11-11',281),(118,'1998-01-01',175),(119,'1909-10-10',294),(120,'1961-12-15',26),(121,'2005-01-26',42),(122,'1940-11-10',171),(123,'1926-10-19',119),(124,'2020-02-17',226),(125,'1926-05-14',150),(126,'1903-07-16',224),(127,'2015-11-29',297),(128,'1929-08-05',63),(129,'1976-04-04',174),(130,'1912-09-29',113),(131,'1986-08-09',35),(132,'1981-05-22',189),(133,'1994-03-06',279),(134,'1938-08-17',121),(135,'1924-01-15',132),(136,'1922-11-17',43),(137,'1997-08-21',119),(138,'1937-01-31',56),(139,'1954-05-16',27),(140,'1929-01-18',133),(141,'1957-11-18',111),(142,'1937-09-20',135),(143,'1922-10-20',63),(144,'1943-08-09',174),(145,'1915-02-17',120),(146,'1943-10-23',88),(147,'1965-02-24',42),(148,'1969-07-18',180),(149,'1986-03-05',21),(150,'2017-11-27',294),(151,'1982-07-26',119),(152,'2008-06-17',223),(153,'1916-04-21',68),(154,'2010-12-24',276),(155,'1916-08-14',156),(156,'1960-02-03',139),(157,'1978-08-08',171),(158,'1996-03-20',111),(159,'1973-09-16',293),(160,'1984-10-21',44),(161,'2005-06-26',133),(162,'1934-04-11',67),(163,'2005-01-14',116),(164,'1912-10-17',181),(165,'2003-03-21',72),(166,'2001-10-19',176),(167,'1968-03-20',195),(168,'2005-09-18',295),(169,'1960-11-08',89),(170,'1907-08-14',185),(171,'1956-06-26',289),(172,'1959-12-24',231),(173,'1936-10-05',287),(174,'1922-10-24',157),(175,'1947-08-24',260),(176,'1928-12-17',294),(177,'1912-06-30',100),(178,'1984-02-20',85),(179,'1906-02-24',23),(180,'1906-11-12',287),(181,'1964-08-24',124),(182,'1937-11-10',181),(183,'1918-01-14',194),(184,'1915-10-13',41),(185,'1958-02-12',276),(186,'1918-03-01',232),(187,'1902-02-28',209),(188,'1948-10-19',271),(189,'2007-08-07',55),(190,'1960-06-15',223),(191,'1933-08-13',196),(192,'1939-11-11',129),(193,'1993-07-30',40),(194,'1960-05-03',102),(195,'1922-10-09',27),(196,'1993-06-10',98),(197,'1923-01-05',135),(198,'2003-09-13',243),(199,'1967-02-25',29),(200,'1910-03-20',74),(201,'1957-12-07',278),(202,'1915-01-28',214),(203,'2010-03-26',249),(204,'1995-04-22',151),(205,'1982-12-17',238),(206,'1919-05-28',257),(207,'2019-12-06',283),(208,'1931-05-13',101),(209,'1927-09-14',203),(210,'2005-06-05',139),(211,'1988-05-09',222),(212,'1996-09-06',99),(213,'1985-05-12',55),(214,'1985-08-19',141),(215,'1990-03-14',211),(216,'1937-04-11',239),(217,'1925-06-01',285),(218,'1929-11-08',76),(219,'1908-10-30',114),(220,'2008-05-17',56),(221,'1965-08-15',116),(222,'1916-05-25',31),(223,'1957-04-15',233),(224,'1952-01-01',249),(225,'1933-05-12',175),(226,'1973-10-23',282),(227,'2013-07-30',273),(228,'2004-12-10',26),(229,'1990-06-04',32),(230,'1982-08-29',177),(231,'1903-08-01',284),(232,'1962-04-11',261),(233,'1962-02-19',177),(234,'1917-07-24',121),(235,'2012-03-22',215),(236,'1901-01-24',11),(237,'1921-10-03',76),(238,'1975-05-19',85),(239,'1977-01-23',292),(240,'1993-02-10',150),(241,'1955-06-27',193),(242,'1916-06-04',90),(243,'2010-04-27',42),(244,'1981-09-12',214),(245,'1958-11-30',14),(246,'2018-04-13',218),(247,'1939-02-15',232),(248,'1950-12-12',58),(249,'2011-01-29',258),(250,'2010-09-21',22),(251,'1937-10-13',186),(252,'2006-01-17',176),(253,'1995-06-17',85),(254,'1909-02-28',55),(255,'1938-09-12',153),(256,'1908-06-21',172),(257,'1977-09-15',247),(258,'2008-05-24',263),(259,'1977-06-22',276),(260,'1909-12-08',268),(261,'2008-08-21',158),(262,'2006-08-01',55),(263,'1901-05-21',209),(264,'1902-07-28',60),(265,'1998-10-09',52),(266,'1935-06-18',218),(267,'1944-06-21',32),(268,'1965-10-08',151),(269,'1990-07-07',250),(270,'1933-01-11',252),(271,'1956-05-13',273),(272,'1936-10-22',117),(273,'1923-10-22',253),(274,'2007-01-12',24),(275,'1966-07-07',286),(276,'1939-09-28',276),(277,'1913-06-04',171),(278,'1908-06-05',95),(279,'1962-07-04',139),(280,'1936-12-19',148),(281,'2003-12-01',61),(282,'2016-01-15',206),(283,'1910-07-07',90),(284,'1992-10-18',102),(285,'1955-10-30',44),(286,'1945-04-26',105),(287,'1913-12-12',203),(288,'1995-12-23',14),(289,'1946-02-15',101),(290,'1930-01-31',179),(292,'1920-06-23',239),(293,'1947-07-11',58),(294,'1978-10-08',184),(295,'1978-11-28',96),(296,'1903-02-10',245),(297,'2020-05-15',51),(298,'1930-02-04',123),(299,'1928-10-24',245),(300,'2005-11-03',68),(301,'1906-08-21',121),(302,'1998-12-14',255),(303,'2020-05-27',177),(304,'2020-01-09',260),(305,'1945-04-24',86),(306,'1943-08-30',115),(307,'2006-02-10',103),(308,'1936-06-13',283),(309,'2001-05-23',204),(310,'1920-11-04',289),(311,'1934-01-18',133),(312,'1953-04-21',48),(313,'1956-06-11',282),(314,'1936-03-13',63),(315,'1955-07-25',213),(316,'1989-04-24',228),(317,'1968-01-13',59),(318,'1954-06-26',148),(319,'1981-02-01',133),(320,'1970-01-23',263),(321,'1989-11-16',58),(322,'1986-09-25',150),(323,'2011-11-27',251),(324,'1954-12-17',168),(325,'1952-10-11',69),(326,'1905-06-27',77),(327,'1920-12-06',60),(328,'1972-11-14',188),(329,'1951-11-24',242),(330,'1911-09-22',86),(331,'1923-11-27',173),(332,'2000-12-07',33),(333,'1969-06-04',150),(334,'1944-02-11',297),(335,'2017-04-30',21),(336,'1958-08-05',270),(337,'1939-07-13',109),(338,'1990-04-12',252),(339,'1955-12-24',34),(340,'1993-08-29',20),(341,'2002-04-19',201),(342,'1969-10-10',152),(343,'1965-09-14',40),(344,'1908-02-05',241),(345,'1961-11-20',244),(346,'1913-06-19',132),(347,'1901-12-16',76),(348,'2020-03-14',151),(349,'2019-07-15',197),(350,'2005-01-18',80),(351,'1907-11-26',256),(352,'1971-02-03',238),(353,'1950-05-12',131),(354,'1943-02-11',60),(355,'1967-06-14',183),(356,'1900-01-09',286),(357,'1944-07-26',293),(358,'1984-04-07',87),(359,'1986-11-18',154),(360,'1995-05-25',212),(361,'1902-10-25',295),(362,'1980-06-03',270),(363,'1920-06-23',230),(364,'1904-12-15',96),(365,'1952-10-08',62),(366,'1935-01-25',131),(367,'1933-01-13',19),(368,'1941-11-10',80),(369,'1906-02-04',260),(370,'1903-09-02',121),(371,'1947-04-21',166),(372,'1920-03-18',157),(373,'1977-04-26',242),(374,'2001-09-05',168),(375,'1920-12-18',191),(376,'1922-01-24',288),(377,'1939-10-16',95),(378,'2017-05-17',239),(379,'1952-03-01',246),(380,'1963-07-20',175),(381,'1946-06-26',41),(382,'1946-10-17',167),(383,'2013-12-03',256),(384,'1932-02-27',113),(385,'1946-01-07',258),(386,'1979-07-07',228),(387,'1949-07-16',107),(388,'1998-03-26',50),(389,'1996-07-03',298),(390,'1993-01-10',289),(391,'1913-08-23',47),(392,'1997-05-27',224),(393,'1952-05-25',243),(394,'1925-06-09',131),(395,'1996-11-25',113),(396,'1968-01-19',187),(397,'1925-11-06',183),(398,'1982-12-03',135),(399,'1958-02-18',67),(400,'1944-10-18',228),(401,'1903-04-30',124),(402,'1972-02-23',171),(403,'1908-06-12',71),(404,'2018-01-14',84),(405,'1983-10-30',66),(406,'1964-12-15',144),(407,'1961-06-12',178),(408,'1975-05-09',253),(409,'1980-04-05',243),(410,'1922-10-29',23),(411,'1993-01-20',261),(412,'1964-08-12',283),(413,'1963-08-13',59),(414,'1969-04-22',150),(415,'2011-05-05',115),(416,'1978-03-15',213),(417,'1990-07-15',230),(418,'1988-01-14',31),(419,'1947-12-12',253),(420,'2000-04-10',214),(421,'2019-08-30',278),(422,'1957-12-30',220),(423,'1963-08-08',158),(424,'1989-10-23',250),(425,'2000-12-12',224),(426,'1924-10-15',238),(427,'1994-01-28',248),(428,'1907-10-23',208),(429,'1976-10-07',14),(430,'1920-05-30',186),(431,'2018-09-26',287),(432,'1984-11-16',43),(433,'1995-08-26',143),(434,'1931-10-21',24),(435,'1923-12-18',124),(436,'2007-07-14',221),(437,'1904-10-22',41),(438,'1936-07-27',265),(439,'1925-03-09',242),(440,'1967-08-19',23),(441,'1951-06-21',117),(442,'1918-08-27',273),(443,'1951-03-20',233),(444,'1908-12-15',181),(445,'1938-07-11',30),(446,'1903-10-16',107),(447,'1964-06-23',194),(448,'1950-10-18',174),(449,'1909-05-01',201),(450,'2001-10-11',241),(451,'2004-06-14',92),(452,'1970-06-15',272),(453,'1996-04-22',101),(454,'1904-10-15',278),(455,'1937-06-07',231),(456,'1934-11-25',261),(457,'1933-02-11',96),(458,'2001-07-16',13),(459,'1992-09-17',86),(460,'1902-09-09',215),(461,'1990-03-28',186),(462,'1927-12-17',267),(463,'1906-06-02',177),(464,'1956-04-30',288),(465,'1933-04-10',48),(466,'1992-05-13',14),(467,'1944-03-22',256),(468,'1993-05-25',248),(469,'1960-05-22',254),(470,'1909-08-15',262),(471,'2019-11-17',69),(472,'1970-02-23',50),(473,'2017-01-23',78),(474,'1960-07-31',25),(475,'1910-04-17',229),(476,'1970-04-29',188),(477,'1928-09-01',31),(478,'2011-01-04',27),(479,'1926-12-18',259),(480,'1937-05-14',45),(481,'1900-12-09',12),(482,'1977-05-08',168),(483,'1966-10-19',294),(484,'1970-06-10',173),(485,'1912-02-18',223),(486,'1936-05-13',17),(487,'1912-12-05',36),(488,'1913-02-16',85),(489,'1908-01-13',277),(490,'1907-12-05',145),(491,'2018-09-09',27),(492,'2013-07-08',38),(493,'1905-12-08',142),(494,'1993-12-30',56),(495,'1936-10-12',265),(496,'1972-12-13',166),(497,'1975-07-23',207),(498,'1930-02-20',265),(499,'1977-01-28',195),(500,'1920-12-22',88),(501,'1927-01-15',167),(502,'1928-08-09',100),(503,'1995-09-11',107),(504,'1959-08-25',107),(505,'1985-11-15',233),(506,'1975-08-12',258),(507,'2002-09-12',154),(508,'1977-05-31',57),(509,'2011-11-23',195),(510,'1968-03-29',237),(511,'1950-08-29',11),(512,'1925-07-23',212),(513,'1921-01-04',192),(514,'1902-12-12',35),(515,'2002-08-29',231),(516,'1945-12-24',27),(517,'1962-03-21',157),(518,'1978-01-16',60),(519,'1940-12-23',103),(520,'1992-12-04',52),(521,'1961-09-03',32),(522,'1983-11-17',145),(523,'1977-07-14',31),(524,'1916-03-25',182),(525,'1950-07-23',245),(526,'1999-03-13',48),(527,'1963-06-23',99),(528,'2014-10-01',33),(529,'2011-11-12',293),(530,'2000-12-22',147),(531,'1967-03-07',208),(532,'2007-02-20',102),(533,'1995-12-05',102),(534,'1919-12-15',86),(535,'1960-02-07',85),(536,'1950-02-26',22),(537,'1995-11-14',193),(538,'1914-03-16',255),(539,'1922-10-12',167),(540,'1928-05-24',266),(541,'2017-09-27',249),(542,'1927-06-19',107),(543,'1902-02-20',52),(544,'1986-03-28',195),(545,'1906-04-29',147),(546,'1962-03-27',298),(547,'1988-12-10',198),(548,'1955-07-28',30),(549,'1920-10-05',198),(550,'2015-02-13',244),(551,'2010-02-28',36),(552,'1913-03-24',276),(553,'1904-05-17',46),(554,'1945-11-26',252),(555,'1915-01-27',129),(556,'1901-04-02',67),(557,'1902-08-24',237),(558,'2014-03-24',243),(559,'1973-10-25',167),(560,'1940-10-13',289),(561,'1910-10-13',35),(562,'1910-06-13',210),(563,'1955-10-07',70),(564,'1915-10-26',281),(565,'2007-09-11',41),(566,'1995-09-11',90),(567,'1909-12-07',145),(568,'1996-10-28',251),(569,'1943-12-16',73),(570,'2004-07-28',193),(571,'1958-02-06',257),(572,'1968-04-17',236),(573,'1919-10-09',249),(574,'1960-03-18',248),(575,'1953-07-11',88),(576,'2019-02-20',231),(577,'1965-03-04',243),(578,'1981-09-11',178),(579,'1935-06-06',268),(580,'1929-04-15',134),(581,'1901-10-31',191),(582,'1900-11-26',294),(583,'1971-10-10',120),(584,'1917-07-19',194),(585,'1983-11-28',250),(586,'1918-09-04',105),(587,'1969-03-20',93),(588,'1910-08-19',73),(589,'2010-08-05',185),(590,'2013-07-07',65),(591,'1967-09-19',211),(592,'1936-05-27',58),(593,'1937-07-22',193),(594,'1947-03-06',248),(595,'1941-11-01',208),(596,'1925-07-17',65),(597,'1924-11-10',37),(598,'1920-09-21',95),(599,'1934-06-11',125),(600,'1957-04-23',126),(601,'1920-06-08',94),(602,'1931-01-18',58),(603,'1967-02-05',153),(604,'1917-10-05',203),(605,'1989-05-06',13),(606,'1984-08-24',270),(607,'1963-01-12',248),(608,'2001-04-18',245),(609,'1964-04-27',76),(610,'2015-11-13',142),(611,'1971-06-12',233),(612,'1956-02-03',229),(613,'1966-10-25',58),(614,'1937-12-04',27),(615,'1971-06-02',146),(616,'2016-01-27',177),(617,'1957-12-23',159),(618,'1946-08-28',105),(619,'2006-10-05',200),(620,'1949-10-28',82),(621,'1945-01-12',252),(622,'1938-11-15',292),(623,'1937-04-15',81),(624,'2011-09-11',54),(625,'1964-02-08',260),(626,'1930-06-16',148),(627,'1963-02-21',251),(628,'1921-10-26',198),(629,'1974-06-17',16),(631,'1978-05-07',129),(632,'1947-03-24',194),(633,'1901-07-17',185),(634,'2006-05-30',185),(635,'1949-06-20',169),(636,'2015-06-13',252),(637,'1972-03-23',291),(638,'1963-06-03',36),(639,'1913-09-07',258),(640,'1942-02-19',68),(641,'1920-04-11',259),(642,'1976-06-30',26),(643,'2000-01-21',51),(644,'1981-05-10',29),(645,'1978-04-21',298),(646,'1933-02-02',32),(647,'1937-05-29',93),(648,'2009-02-25',168),(649,'1953-06-23',297),(650,'1947-08-15',258),(651,'2011-02-01',65),(652,'1939-12-02',194),(653,'1949-02-17',95),(654,'1910-06-30',98),(655,'1944-10-14',230),(656,'1973-04-16',127),(657,'1938-06-19',287),(658,'1918-03-02',241),(659,'1974-02-19',56),(660,'1909-03-22',248),(661,'1971-10-10',154),(662,'1973-04-07',242),(663,'1980-12-05',300),(664,'1986-02-13',41),(665,'1935-09-02',296),(666,'2009-10-07',231),(667,'2019-10-09',294),(668,'1971-07-13',32),(669,'1943-05-24',258),(670,'1941-01-27',59),(671,'2004-08-02',175),(672,'1985-08-22',246),(673,'1916-08-24',142),(674,'1926-11-14',177),(675,'1993-08-02',123),(676,'1911-03-26',158),(677,'1908-09-09',255),(678,'2009-11-25',42),(679,'1955-01-28',165),(680,'1969-02-22',81),(681,'1989-09-03',53),(682,'1961-07-01',256),(683,'1997-01-04',40),(684,'1977-03-21',14),(685,'1921-03-23',276),(686,'1951-12-19',67),(687,'1989-10-31',117),(688,'1938-06-26',298),(689,'1917-01-15',268),(690,'1988-03-14',80),(691,'1932-01-27',197),(692,'1986-01-17',32),(693,'1985-03-25',294),(694,'1931-09-30',249),(695,'1921-10-16',269),(696,'1913-03-11',287),(697,'1938-01-28',183),(698,'1909-12-21',169),(699,'1912-08-21',206),(700,'1997-10-10',139),(701,'1921-11-08',23),(702,'1978-02-14',263),(703,'1991-01-24',135),(704,'1911-01-09',194),(705,'1982-09-01',247),(706,'1943-04-03',192),(707,'1920-11-21',94),(708,'2002-02-24',72),(709,'1916-10-15',232),(710,'1906-02-01',193),(711,'1945-12-26',210),(712,'2011-07-08',142),(713,'1961-05-29',109),(714,'1981-12-15',50),(715,'1932-08-24',21),(716,'2009-12-08',32),(717,'2019-09-05',32),(718,'1928-09-26',58),(719,'1995-07-29',139),(720,'1944-11-02',245),(721,'1956-03-07',63),(722,'1985-04-20',263),(723,'1969-08-24',202),(724,'1958-08-12',278),(725,'1973-09-05',98),(726,'1925-05-15',13),(727,'1977-03-09',109),(728,'1935-11-26',160),(729,'1948-05-12',85),(730,'1933-03-02',90),(731,'1944-12-25',127),(732,'1953-09-26',135),(733,'1954-06-16',289),(734,'1946-03-04',184),(735,'2016-11-26',258),(736,'1941-10-16',147),(737,'1975-11-26',144),(738,'1966-12-26',49),(739,'1951-07-14',34),(740,'2013-07-29',75),(741,'1914-01-11',299),(742,'1960-05-23',16),(743,'1988-08-22',247),(744,'1966-11-03',273),(745,'2009-08-16',118),(746,'1911-01-07',49),(747,'1984-08-08',183),(748,'1969-10-08',153),(749,'1978-08-19',80),(750,'1986-08-06',27),(751,'1967-05-14',84),(752,'1951-10-09',269),(753,'1957-02-01',230),(754,'1909-03-27',154),(755,'1924-12-03',142),(756,'1933-04-21',248),(757,'2012-04-06',212),(758,'1939-08-19',155),(759,'1921-03-13',230),(760,'1969-08-02',123),(761,'1998-08-07',138),(762,'1984-05-13',264),(763,'1966-07-14',248),(764,'1959-07-01',244),(765,'1932-08-03',224),(766,'1988-02-01',185),(767,'1977-09-24',218),(768,'1976-02-11',65),(769,'1948-04-27',201),(770,'1983-01-20',80),(771,'1924-09-21',45),(772,'1949-07-01',201),(773,'1916-02-09',266),(774,'1921-10-27',44),(775,'2007-01-05',192),(776,'1940-11-06',12),(777,'1926-12-16',34),(778,'1957-09-19',189),(779,'2006-06-17',292),(780,'1923-02-16',255),(781,'1942-12-24',300),(782,'1974-03-14',199),(783,'2015-05-10',230),(784,'1948-06-27',32),(785,'1991-02-08',37),(786,'1950-09-20',279),(787,'1994-03-26',230),(788,'1923-02-02',299),(789,'2003-03-16',122),(790,'1981-10-01',221),(791,'1963-04-14',246),(792,'1994-02-01',42),(793,'1964-05-12',81),(794,'2007-12-09',208),(795,'1967-09-18',135),(796,'1964-05-12',86),(797,'1944-03-26',163),(798,'1966-05-25',84),(799,'1967-09-30',141),(800,'1972-12-13',154),(801,'1992-11-16',269),(802,'1905-07-18',194),(803,'1996-08-09',171),(804,'2005-05-03',179),(805,'1967-09-22',259),(806,'1972-10-17',158),(807,'1989-12-29',27),(808,'1976-10-28',59),(809,'1905-06-07',54),(810,'1942-02-19',169),(811,'1978-01-19',84),(812,'1955-07-19',156),(813,'2006-11-12',115),(814,'1963-11-14',232),(815,'1939-01-08',217),(816,'1929-10-10',114),(817,'1933-03-24',238),(818,'1950-04-17',222),(819,'1930-10-16',219),(820,'1944-06-22',283),(821,'1984-04-03',120),(822,'1997-04-22',20),(823,'1997-12-30',38),(824,'2001-10-23',65),(825,'2017-03-24',101),(826,'1979-01-16',159),(827,'1962-02-24',110),(828,'1999-03-15',246),(829,'1950-11-22',123),(830,'1900-04-22',120),(831,'1941-02-09',17),(832,'1937-11-16',124),(833,'1969-12-01',28),(834,'1958-02-14',40),(835,'1970-02-10',151),(836,'1946-07-06',115),(837,'1942-05-26',156),(838,'1931-06-08',193),(839,'2003-02-08',189),(840,'1994-11-10',190),(841,'1960-04-16',17),(842,'2019-03-28',26),(843,'1968-03-22',101),(844,'1911-04-28',122),(845,'1915-04-28',57),(846,'1997-02-20',76),(847,'1967-05-07',196),(848,'1973-06-09',150),(849,'1956-02-26',13),(850,'2009-02-08',265),(851,'1938-02-04',238),(852,'2001-01-04',276),(853,'1908-11-13',49),(854,'1948-01-01',119),(855,'2014-12-18',95),(856,'1945-11-09',101),(857,'1957-06-04',46),(858,'1950-08-22',98),(859,'1950-09-08',263),(860,'2005-10-21',122),(861,'1920-09-28',58),(862,'1935-10-21',292),(863,'1969-11-11',104),(864,'1968-01-05',105),(865,'1911-12-27',71),(866,'2005-08-02',201),(867,'1922-11-27',210),(868,'2017-04-22',66),(869,'1974-05-19',153),(870,'1934-03-11',28),(871,'1951-01-24',243),(872,'1912-07-21',62),(873,'1972-12-06',280),(874,'1930-01-29',216),(875,'1964-02-19',272),(876,'1985-10-07',15),(877,'1981-07-18',142),(878,'1969-12-28',15),(879,'1906-10-05',76),(880,'1973-12-15',113),(881,'1997-02-20',95),(882,'1930-12-01',24),(883,'1980-08-18',144),(884,'1944-12-13',23),(885,'1973-02-22',92),(886,'1954-06-21',30),(887,'1971-11-23',185),(888,'1982-09-05',296),(889,'2000-12-10',155),(890,'1927-07-27',140),(891,'1951-12-05',114),(892,'1930-05-17',276),(893,'1907-10-17',151),(894,'1908-01-24',234),(895,'1922-07-01',300),(896,'1910-07-03',185),(897,'1939-01-29',78),(898,'1975-04-07',81),(899,'1975-11-21',225),(900,'1983-06-25',188),(901,'1934-05-15',78),(902,'1923-02-17',242),(903,'1966-01-26',195),(904,'2014-09-24',227),(905,'1909-06-05',121),(906,'1977-02-01',155),(907,'1991-02-09',157),(908,'1946-07-03',130),(909,'2014-07-18',146),(910,'1997-04-01',84),(911,'1966-01-31',144),(912,'1954-01-19',288),(913,'1978-07-31',197),(914,'2000-01-06',245),(915,'1972-12-02',39),(916,'1975-04-11',156),(917,'1973-12-29',136),(918,'1930-04-24',232),(919,'2018-12-13',230),(920,'2009-01-31',282),(921,'2001-04-10',245),(922,'1946-04-20',189),(923,'2013-07-30',173),(924,'1980-01-12',165),(925,'1950-04-12',154),(926,'1993-03-01',231),(927,'1973-05-25',176),(928,'1960-09-27',24),(929,'1931-06-07',247),(930,'1979-09-22',275),(931,'1909-09-18',142),(932,'1951-09-20',258),(933,'1921-09-03',98),(934,'2008-02-07',46),(935,'2000-07-29',80),(936,'2008-03-06',40),(937,'1907-07-27',256),(938,'1952-11-09',34),(939,'1928-06-30',135),(940,'1932-03-21',40),(941,'2010-02-07',184),(942,'2000-04-30',113),(943,'1927-11-07',258),(944,'1984-03-18',209),(945,'2002-06-11',160),(946,'1931-06-22',131),(947,'1902-10-07',109),(948,'1923-06-25',89),(949,'1921-10-17',210),(950,'1976-04-05',159),(951,'2003-06-19',161),(952,'1948-12-25',142),(953,'2020-02-07',269),(954,'1993-12-03',287),(955,'1999-05-01',92),(956,'1948-08-18',253),(957,'1928-01-25',175),(958,'1900-06-28',55),(959,'1971-10-25',25),(960,'1954-07-25',220),(961,'1923-11-10',205),(962,'1948-05-09',51),(963,'1948-11-09',86),(964,'1976-10-27',300),(965,'1971-07-24',12),(966,'1962-10-27',86),(967,'1910-10-19',85),(968,'1955-08-31',132),(969,'1991-10-21',165),(970,'1994-03-27',191),(971,'1937-03-09',274),(972,'1913-07-08',234),(973,'1966-07-01',218),(974,'1909-11-23',228),(975,'1995-09-21',102),(976,'1958-12-16',30),(977,'1903-02-04',264),(978,'1985-04-12',145),(979,'2003-09-29',244),(980,'1997-02-25',169),(981,'1995-06-24',219),(982,'1980-09-13',288),(983,'1949-12-10',14),(984,'2012-11-22',170),(985,'1965-10-12',26),(986,'2000-09-01',33),(987,'1972-05-01',85),(988,'1942-06-14',171),(989,'2003-10-20',174),(990,'1957-08-27',295),(991,'1989-06-23',69),(992,'1918-05-09',150),(993,'1988-07-11',21),(994,'1941-10-16',172),(995,'1931-02-20',175),(996,'1981-12-21',264),(997,'1976-09-28',208),(998,'1990-03-21',49),(999,'1980-01-01',224),(1000,'1939-12-29',219),(1001,'1908-02-19',22),(1002,'2000-03-06',74),(1003,'1909-07-06',164),(1004,'1951-06-14',104),(1005,'2019-03-31',92),(1006,'1934-07-20',108);
/*!40000 ALTER TABLE `orders` ENABLE KEYS */;
UNLOCK TABLES;

--
-- Table structure for table `orders_copy`
--

DROP TABLE IF EXISTS `orders_copy`;
/*!40101 SET @saved_cs_client     = @@character_set_client */;
 SET character_set_client = utf8mb4 ;
CREATE TABLE `orders_copy` (
  `idorders` int(11) NOT NULL AUTO_INCREMENT,
  `date` date NOT NULL,
  `id_employee` int(11) NOT NULL,
  PRIMARY KEY (`idorders`)
) ENGINE=InnoDB DEFAULT CHARSET=utf8 COLLATE=utf8_general_ci;
/*!40101 SET character_set_client = @saved_cs_client */;

--
-- Dumping data for table `orders_copy`
--

LOCK TABLES `orders_copy` WRITE;
/*!40000 ALTER TABLE `orders_copy` DISABLE KEYS */;
INSERT INTO `orders_copy` VALUES (1,'2022-04-20',11),(2,'2005-02-20',12),(3,'2021-06-01',20),(4,'2014-02-14',13),(5,'2021-01-01',14),(6,'2021-02-10',15),(7,'2021-04-22',16);
/*!40000 ALTER TABLE `orders_copy` ENABLE KEYS */;
UNLOCK TABLES;

--
-- Table structure for table `product`
--

DROP TABLE IF EXISTS `product`;
/*!40101 SET @saved_cs_client     = @@character_set_client */;
 SET character_set_client = utf8mb4 ;
CREATE TABLE `product` (
  `idproduct` int(11) NOT NULL AUTO_INCREMENT,
  `price` float NOT NULL,
  `model` varchar(45) NOT NULL,
  `name` varchar(45) NOT NULL,
  `id_music_store` int(11) NOT NULL,
  `id_manufacturer` int(11) NOT NULL,
  PRIMARY KEY (`idproduct`),
  KEY `fk_product_music_store_idx` (`id_music_store`),
  KEY `fk_product_manufacturer_idx` (`id_manufacturer`),
  CONSTRAINT `fk_product_manufacturer` FOREIGN KEY (`id_manufacturer`) REFERENCES `manufacturer` (`idmanufacturer`),
  CONSTRAINT `fk_product_music_store` FOREIGN KEY (`id_music_store`) REFERENCES `music_store` (`idmusic_store`)
) ENGINE=InnoDB DEFAULT CHARSET=utf8 COLLATE=utf8_general_ci;
/*!40101 SET character_set_client = @saved_cs_client */;

--
-- Dumping data for table `product`
--

LOCK TABLES `product` WRITE;
/*!40000 ALTER TABLE `product` DISABLE KEYS */;
INSERT INTO `product` VALUES (1,20000,'F310 super','Акустическая гитара',1,1),(2,15000,'RGX175','Электрогитара',1,3),(3,1000,'Squier MM','Электрогитара',1,2),(4,1500,'ZSN Pro X','Мониторные наушники',5,4),(5,25000,'Classic2000','Флейта',6,1),(6,100000,'Drum500','Барабаны',1,10),(7,55000,'SG por','Кларнет',1,9),(8,150000,'AS 550','Электронные барабаны',1,6),(9,500000,'Live','Микшерный пульт',7,7),(10,3000,'L100','Полноразмерные наушники',1,8),(11,5000,'Start','Курсы по игре на акустической гитаре',1,1),(12,500,'Capo5','Каподастер для гитары',2,5),(13,20000,'Start Guitar','Набор начинающего гитариста',1,7),(14,50000,'SEG','Набор электрогитариста',4,8),(15,1000,'pro','Флейта',1,1),(16,15000,'F50','Акустическая гитара',1,3),(17,50,'0.75','Медиатор для гитраы',3,3),(18,205172,'AX','Электрогитара',214,2),(20,100169,'FK','Курсы по игре на акустической гитаре',858,4),(21,10471,'SB','Курсы по игре на акустической гитаре',364,12),(22,119440,'CZ','Акустическая гитара',378,9),(23,196029,'TZ','Мониторные наушники',865,12),(25,71291,'ES','Электрогитара',454,7),(26,161131,'CL','Акустическая гитара',810,5),(27,237441,'MM','Электрогитара',799,2),(28,268225,'SY','Курсы по игре на акустической гитаре',101,2),(29,296102,'HM','Электрогитара',329,10),(30,219507,'ER','Кларнет',77,9),(31,136660,'GB','Акустическая гитара',263,3),(32,372,'LR','Флейта',114,2),(33,236453,'MX','Микшерный пульт',874,4),(34,175474,'UY','Барабаны',126,7),(35,14822,'IQ','Микшерный пульт',934,12),(36,227711,'CI','Акустическая гитара',740,5),(37,266757,'HK','Электрогитара',163,1),(38,254424,'NO','Флейта',305,10),(39,174270,'MA','Полноразмерные наушники',41,5),(40,291650,'CZ','Медиатор для гитраы',101,12),(42,278429,'BO','Акустическая гитара',35,2),(43,33216,'PW','Курсы по игре на акустической гитаре',361,6),(44,195900,'AO','Полноразмерные наушники',710,12),(45,14048,'YE','Микшерный пульт',506,8),(46,161175,'WS','Флейта',658,1),(47,130561,'AS','Каподастер для гитары',73,1),(48,5714,'IO','Набор электрогитариста',568,5),(49,276665,'GT','Полноразмерные наушники',359,10),(50,16359,'GF','Полноразмерные наушники',401,4),(51,164341,'LA','Полноразмерные наушники',940,6),(52,88414,'ZW','Полноразмерные наушники',244,12),(53,294838,'NC','Набор начинающего гитариста',235,3),(54,125413,'AI','Кларнет',563,8),(55,141145,'NG','Барабаны',935,2),(56,124727,'DK','Электронные барабаны',246,6),(57,2076,'GQ','Электронные барабаны',752,10),(58,150491,'TG','Курсы по игре на акустической гитаре',883,2),(59,269818,'TL','Флейта',945,2),(60,112571,'KG','Кларнет',475,2),(61,87291,'MH','Электронные барабаны',412,6),(62,178006,'GW','Флейта',725,6),(63,296213,'GD','Микшерный пульт',816,9),(64,280581,'TM','Барабаны',439,4),(66,40732,'GL','Акустическая гитара',235,12),(67,3417,'BZ','Барабаны',663,8),(68,46534,'GP','Электронные барабаны',44,10),(69,110273,'KW','Полноразмерные наушники',991,10),(70,60256,'HR','Акустическая гитара',864,9),(71,254373,'CK','Курсы по игре на акустической гитаре',233,9),(72,289477,'CH','Флейта',345,10),(73,217281,'TN','Акустическая гитара',85,12),(74,198120,'UG','Барабаны',453,4),(75,267937,'ZA','Кларнет',126,1),(76,66080,'AE','Флейта',632,5),(77,266881,'LB','Полноразмерные наушники',540,12),(78,111915,'ZM','Курсы по игре на акустической гитаре',751,3),(79,80476,'CL','Флейта',1,3),(80,283300,'AQ','Флейта',855,7),(81,76904,'TL','Мониторные наушники',690,1),(82,138501,'SN','Медиатор для гитраы',814,3),(83,257271,'MW','Мониторные наушники',493,6),(84,187481,'SM','Флейта',974,3),(85,149290,'EH','Акустическая гитара',973,1),(86,166835,'SM','Набор начинающего гитариста',415,2),(87,66227,'ML','Флейта',889,8),(88,232195,'VI','Электронные барабаны',78,6),(89,62884,'TZ','Акустическая гитара',987,5),(90,61658,'TK','Каподастер для гитары',858,6),(91,56903,'RU','Курсы по игре на акустической гитаре',730,2),(92,22844,'MW','Барабаны',65,5),(94,152885,'CC','Кларнет',336,6),(96,271680,'VN','Микшерный пульт',226,10),(97,168081,'WF','Микшерный пульт',947,2),(98,127552,'AQ','Барабаны',80,7),(99,232338,'CZ','Барабаны',982,4),(100,245008,'TR','Кларнет',197,12),(101,181873,'FR','Медиатор для гитраы',353,8),(102,15188,'GS','Полноразмерные наушники',75,5),(103,48055,'IO','Кларнет',890,5),(104,229234,'MD','Кларнет',702,4),(106,66973,'CI','Флейта',368,12),(107,156514,'AN','Набор электрогитариста',923,5),(108,135655,'EC','Флейта',130,3),(109,103515,'SJ','Акустическая гитара',820,8),(110,154296,'IS','Электрогитара',698,9),(111,68322,'PF','Флейта',146,9),(112,129462,'MN','Акустическая гитара',981,5),(113,253248,'NP','Полноразмерные наушники',986,8),(114,72451,'SA','Каподастер для гитары',77,4),(115,234947,'KZ','Акустическая гитара',926,4),(116,269975,'NU','Электрогитара',784,4),(117,64243,'NP','Акустическая гитара',548,12),(118,191527,'EH','Флейта',133,4),(119,111998,'PE','Набор электрогитариста',158,9),(120,248727,'SL','Кларнет',300,9),(121,148858,'LU','Акустическая гитара',534,8),(122,120324,'AO','Набор начинающего гитариста',838,12),(123,156453,'SK','Набор начинающего гитариста',46,2),(125,35859,'NP','Микшерный пульт',353,9),(126,254583,'LY','Акустическая гитара',524,8),(127,267227,'CV','Акустическая гитара',978,7),(129,267421,'CY','Барабаны',657,10),(131,190142,'DO','Электрогитара',617,2),(132,235818,'KG','Барабаны',976,8),(133,205270,'PG','Полноразмерные наушники',700,7),(134,46390,'DO','Акустическая гитара',210,7),(135,280261,'DE','Набор электрогитариста',448,2),(136,81359,'KP','Акустическая гитара',916,12),(137,279721,'MT','Мониторные наушники',131,7),(138,252796,'WS','Флейта',333,9),(139,25684,'SY','Микшерный пульт',839,2),(140,330,'NG','Акустическая гитара',934,5),(141,149324,'BT','Микшерный пульт',282,1),(142,298264,'MM','Полноразмерные наушники',851,12),(143,165576,'AE','Набор электрогитариста',129,10),(144,227223,'IT','Акустическая гитара',589,9),(145,82203,'ES','Кларнет',398,12),(146,251676,'DO','Барабаны',560,8),(147,24840,'LY','Флейта',198,6),(148,242186,'BW','Набор электрогитариста',109,1),(149,24375,'FM','Каподастер для гитары',586,3),(150,234056,'GP','Электрогитара',865,8),(152,297216,'GM','Флейта',751,5),(154,279762,'SE','Флейта',965,5),(155,184677,'MY','Барабаны',612,1),(156,102005,'MS','Кларнет',216,5),(157,151649,'TK','Набор начинающего гитариста',583,1),(158,29698,'SH','Набор начинающего гитариста',34,6),(159,95671,'GA','Набор электрогитариста',126,8),(160,213671,'HK','Барабаны',289,6),(161,182175,'GD','Акустическая гитара',924,4),(162,217162,'SO','Полноразмерные наушники',185,4),(163,235859,'PT','Электрогитара',539,3),(164,243263,'PY','Курсы по игре на акустической гитаре',321,8),(165,211139,'SL','Полноразмерные наушники',283,12),(166,224311,'ZM','Набор электрогитариста',450,7),(167,69389,'LB','Полноразмерные наушники',734,12),(168,134225,'KG','Микшерный пульт',413,8),(169,149324,'PN','Набор начинающего гитариста',720,1),(171,198341,'TF','Кларнет',753,5),(172,56849,'LA','Микшерный пульт',874,3),(173,281287,'HT','Полноразмерные наушники',848,6),(174,140191,'AS','Флейта',150,4),(175,90844,'SJ','Набор электрогитариста',463,7),(176,263938,'MT','Кларнет',313,12),(177,270711,'CC','Полноразмерные наушники',48,10),(179,117702,'GB','Набор начинающего гитариста',951,6),(180,115114,'BN','Флейта',971,6),(181,68605,'AX','Кларнет',286,2),(182,83325,'MH','Акустическая гитара',246,3),(183,127154,'MK','Электронные барабаны',713,10),(184,37957,'SM','Акустическая гитара',453,9),(185,19170,'PF','Курсы по игре на акустической гитаре',802,6),(186,56248,'KE','Кларнет',201,5),(187,221283,'CR','Каподастер для гитары',787,1),(188,5516,'UG','Микшерный пульт',940,10),(189,124527,'DK','Флейта',966,12),(190,116485,'TT','Электрогитара',504,12),(191,18285,'ZM','Электрогитара',151,3),(192,99987,'LS','Флейта',159,9),(193,3722,'NC','Мониторные наушники',540,7),(194,125490,'CL','Каподастер для гитары',129,10),(195,82682,'BA','Медиатор для гитраы',911,5),(196,158295,'SG','Набор электрогитариста',711,7),(197,81392,'NL','Флейта',761,10),(198,108664,'KN','Акустическая гитара',133,6),(199,30697,'KP','Полноразмерные наушники',587,6),(200,249256,'FJ','Курсы по игре на акустической гитаре',272,1),(201,53520,'PT','Микшерный пульт',106,3),(202,109400,'AN','Набор электрогитариста',250,5),(204,259339,'PR','Набор начинающего гитариста',677,2),(205,168817,'KM','Кларнет',723,1),(206,293680,'JE','Электрогитара',885,5),(207,210802,'ZM','Каподастер для гитары',228,4),(208,54728,'AN','Курсы по игре на акустической гитаре',393,2),(209,89311,'KR','Курсы по игре на акустической гитаре',97,10),(210,36762,'GQ','Барабаны',638,4),(211,72538,'CI','Набор электрогитариста',354,5),(213,177932,'TV','Набор электрогитариста',636,9),(214,89432,'MN','Электрогитара',750,12),(215,129200,'SM','Каподастер для гитары',220,2),(216,155508,'LV','Полноразмерные наушники',658,4),(218,106228,'CK','Микшерный пульт',79,7),(219,185050,'ZM','Акустическая гитара',226,8),(220,92953,'FR','Мониторные наушники',777,4),(221,86234,'BG','Полноразмерные наушники',562,6),(222,208974,'ZA','Полноразмерные наушники',799,4),(223,169620,'TR','Флейта',599,5),(224,93023,'PT','Флейта',874,7),(225,223828,'KG','Полноразмерные наушники',374,6),(226,135690,'TN','Флейта',615,3),(227,43957,'DE','Акустическая гитара',870,8),(228,247519,'MW','Акустическая гитара',217,1),(229,114963,'AR','Флейта',243,5),(230,286165,'PE','Флейта',970,2),(231,27509,'BM','Электрогитара',501,3),(232,19235,'BB','Кларнет',745,2),(233,231771,'MA','Флейта',861,1),(234,155359,'AE','Электрогитара',805,5),(235,184014,'HT','Акустическая гитара',707,10),(236,228434,'ZM','Акустическая гитара',487,5),(237,281042,'VN','Электрогитара',571,8),(238,154159,'PG','Медиатор для гитраы',998,3),(239,22266,'GS','Электронные барабаны',723,3),(241,196680,'SZ','Акустическая гитара',643,10),(242,53268,'SJ','Кларнет',370,3),(243,90149,'PA','Электрогитара',760,6),(245,202289,'BW','Набор начинающего гитариста',265,4),(246,101034,'BG','Акустическая гитара',792,5),(247,211512,'NC','Флейта',907,1),(248,298495,'LY','Барабаны',734,12),(249,112113,'SV','Акустическая гитара',713,1),(250,11514,'PK','Набор начинающего гитариста',35,7),(252,35905,'CV','Акустическая гитара',766,1),(253,198284,'KZ','Микшерный пульт',193,9),(254,126114,'PW','Акустическая гитара',178,8),(256,160724,'TC','Мониторные наушники',321,9),(257,103900,'ZM','Акустическая гитара',908,1),(258,108677,'TD','Набор электрогитариста',979,4),(259,165209,'AO','Медиатор для гитраы',362,12),(260,284693,'IO','Полноразмерные наушники',206,2),(261,279024,'KI','Флейта',823,6),(262,284403,'ZW','Медиатор для гитраы',102,8),(263,275845,'QA','Мониторные наушники',473,2),(264,186816,'IQ','Набор электрогитариста',834,3),(265,181262,'VI','Барабаны',903,10),(266,220870,'HK','Каподастер для гитары',168,6),(267,190495,'PR','Полноразмерные наушники',442,6),(268,193463,'NF','Электрогитара',450,2),(269,263338,'ZA','Набор начинающего гитариста',666,5),(270,96022,'DO','Микшерный пульт',985,6),(271,284141,'BE','Микшерный пульт',741,10),(272,177180,'HU','Набор начинающего гитариста',410,9),(273,151674,'GM','Флейта',729,2),(274,295823,'RO','Электрогитара',475,12),(275,233281,'BY','Кларнет',228,6),(276,202752,'NR','Кларнет',689,6),(277,227779,'LS','Каподастер для гитары',700,12),(278,279339,'HM','Набор начинающего гитариста',770,8),(279,69557,'GG','Медиатор для гитраы',644,9),(280,290972,'GM','Барабаны',245,4),(281,21473,'NI','Мониторные наушники',853,1),(282,49866,'SE','Каподастер для гитары',243,3),(283,279286,'TR','Микшерный пульт',429,1),(284,210441,'VN','Акустическая гитара',559,12),(285,178728,'IN','Каподастер для гитары',43,7),(286,21015,'MS','Флейта',982,5),(287,110211,'JP','Мониторные наушники',749,9),(288,239187,'GT','Акустическая гитара',550,5),(289,259948,'MS','Электрогитара',649,9),(290,287260,'IE','Курсы по игре на акустической гитаре',75,1),(291,179963,'ST','Электрогитара',890,12),(292,180376,'CC','Кларнет',99,4),(293,194570,'PE','Набор начинающего гитариста',678,3),(294,240048,'CS','Набор начинающего гитариста',804,9),(295,100248,'GS','Кларнет',566,8),(296,96351,'LY','Каподастер для гитары',950,9),(297,22538,'PA','Полноразмерные наушники',122,9),(298,136405,'SO','Флейта',936,6),(299,56955,'TL','Набор электрогитариста',942,7),(300,21194,'SH','Набор начинающего гитариста',155,9),(301,285465,'CX','Мониторные наушники',235,7),(302,58844,'IS','Кларнет',46,6),(303,88251,'UY','Акустическая гитара',574,7),(304,279720,'TW','Микшерный пульт',291,6),(305,260093,'IT','Набор электрогитариста',784,4),(307,229255,'CU','Курсы по игре на акустической гитаре',209,3),(308,98131,'CX','Микшерный пульт',474,6),(309,214968,'MV','Медиатор для гитраы',480,7),(310,18023,'VC','Электронные барабаны',128,12),(312,22609,'AU','Медиатор для гитраы',915,10),(313,50611,'BG','Набор электрогитариста',106,2),(314,122253,'SJ','Электронные барабаны',513,8),(315,223194,'AM','Каподастер для гитары',262,2),(316,192248,'FI','Каподастер для гитары',691,10),(317,211266,'KI','Акустическая гитара',52,9),(318,62450,'MT','Микшерный пульт',897,4),(319,202533,'UG','Флейта',709,2),(320,253814,'IE','Флейта',854,3),(321,299872,'MG','Микшерный пульт',4,9),(322,108524,'CI','Электрогитара',338,10),(323,298869,'PW','Медиатор для гитраы',502,9),(324,216153,'HT','Акустическая гитара',405,6),(326,254216,'NL','Электрогитара',794,5),(327,36913,'GW','Набор электрогитариста',146,8),(328,211838,'MN','Полноразмерные наушники',315,4),(329,8435,'RO','Барабаны',402,7),(330,157940,'BO','Акустическая гитара',284,8),(331,272652,'BJ','Курсы по игре на акустической гитаре',265,4),(332,37905,'HU','Акустическая гитара',756,3),(333,12643,'NF','Флейта',651,2),(334,234298,'RO','Электрогитара',632,9),(335,162181,'SL','Мониторные наушники',488,9),(336,235241,'GD','Электронные барабаны',10,5),(338,279158,'IN','Кларнет',740,12),(339,215675,'DE','Медиатор для гитраы',47,12),(340,25512,'FJ','Кларнет',450,10),(341,153042,'PH','Мониторные наушники',254,4),(342,69641,'TC','Набор электрогитариста',247,4),(343,46087,'BY','Электрогитара',320,5),(344,30354,'AD','Кларнет',522,6),(345,22650,'MQ','Флейта',375,4),(346,132938,'CM','Флейта',500,9),(347,271136,'TV','Барабаны',23,5),(348,84949,'PT','Акустическая гитара',579,3),(349,71746,'BW','Акустическая гитара',673,6),(350,37768,'LT','Набор начинающего гитариста',142,8),(351,195322,'BV','Акустическая гитара',32,2),(352,87521,'KR','Флейта',100,12),(353,68685,'MN','Электронные барабаны',779,4),(354,186173,'GI','Курсы по игре на акустической гитаре',819,7),(355,276861,'LR','Флейта',368,7),(356,163973,'TL','Акустическая гитара',956,3),(357,274946,'RU','Набор электрогитариста',452,6),(358,290975,'AR','Микшерный пульт',490,4),(359,228703,'GW','Флейта',79,6),(360,3597,'BW','Набор электрогитариста',421,7),(361,11631,'IE','Курсы по игре на акустической гитаре',455,7),(362,157234,'DJ','Полноразмерные наушники',153,9),(363,61203,'NU','Кларнет',298,1),(364,271545,'TR','Барабаны',932,2),(365,16420,'TN','Набор электрогитариста',541,7),(366,225173,'TW','Флейта',49,5),(367,195634,'AO','Акустическая гитара',428,3),(368,225979,'TC','Медиатор для гитраы',893,9),(369,106603,'LU','Акустическая гитара',618,12),(370,277411,'CL','Микшерный пульт',436,3),(371,279286,'NI','Электронные барабаны',144,10),(373,81303,'GB','Микшерный пульт',196,12),(374,191359,'PA','Набор электрогитариста',73,4),(375,112551,'VG','Акустическая гитара',784,8),(376,156768,'LT','Полноразмерные наушники',709,7),(377,241627,'UY','Электронные барабаны',783,12),(378,40848,'LY','Курсы по игре на акустической гитаре',97,2),(379,120498,'GF','Микшерный пульт',99,5),(380,122527,'IS','Медиатор для гитраы',678,3),(381,5502,'LY','Барабаны',803,5),(382,94087,'DJ','Акустическая гитара',932,7),(383,157624,'SD','Курсы по игре на акустической гитаре',564,8),(384,216405,'KE','Барабаны',1,8),(385,282547,'GD','Мониторные наушники',344,10),(386,145253,'BY','Полноразмерные наушники',994,1),(387,298861,'MQ','Акустическая гитара',365,3),(388,266089,'PW','Электрогитара',577,9),(389,174293,'KY','Акустическая гитара',551,6),(390,87443,'RE','Барабаны',875,9),(391,196753,'TH','Кларнет',618,10),(392,225213,'OM','Набор электрогитариста',907,4),(394,238171,'MK','Электрогитара',707,12),(395,194007,'TN','Акустическая гитара',648,4),(396,64758,'VI','Акустическая гитара',792,7),(397,128203,'UZ','Полноразмерные наушники',35,1),(398,238079,'LK','Набор электрогитариста',795,6),(399,238547,'KM','Флейта',236,12),(400,295592,'PW','Кларнет',285,3),(401,58729,'TF','Набор электрогитариста',14,7),(404,215526,'MD','Полноразмерные наушники',577,9),(405,184751,'AN','Флейта',597,1),(406,148037,'PE','Каподастер для гитары',758,5),(407,55706,'AX','Акустическая гитара',172,8),(409,99910,'PE','Флейта',485,4),(410,197627,'PF','Флейта',173,10),(411,161218,'CF','Мониторные наушники',883,4),(413,177134,'IN','Курсы по игре на акустической гитаре',234,3),(414,152892,'BY','Полноразмерные наушники',304,7),(415,64511,'KG','Набор начинающего гитариста',317,1),(417,298101,'HM','Мониторные наушники',826,6),(418,208544,'MP','Акустическая гитара',282,10),(419,244184,'SV','Флейта',539,4),(420,189557,'MP','Флейта',531,6),(421,187786,'PH','Набор начинающего гитариста',664,6),(422,238865,'TR','Электрогитара',630,8),(423,88167,'NO','Полноразмерные наушники',116,7),(424,222280,'TV','Каподастер для гитары',403,9),(425,134847,'AF','Каподастер для гитары',953,6),(426,129345,'ET','Набор начинающего гитариста',7,1),(427,169627,'GN','Каподастер для гитары',868,8),(428,81000,'MZ','Акустическая гитара',334,8),(429,294546,'UG','Кларнет',284,5),(430,272659,'CV','Микшерный пульт',167,1),(431,75918,'IR','Каподастер для гитары',487,10),(432,120457,'HT','Флейта',216,9),(433,12840,'CI','Медиатор для гитраы',234,3),(434,281520,'TD','Микшерный пульт',583,9),(435,182389,'AG','Медиатор для гитраы',857,8),(436,238905,'LT','Электронные барабаны',603,2),(437,207518,'IE','Акустическая гитара',334,2),(438,135006,'AX','Флейта',214,2),(439,93886,'ET','Полноразмерные наушники',54,1),(440,157672,'SR','Флейта',877,8),(441,230734,'KY','Полноразмерные наушники',1,3),(442,153133,'KH','Кларнет',304,8),(443,243395,'AN','Набор начинающего гитариста',570,7),(446,243130,'EH','Каподастер для гитары',733,3),(447,96217,'CC','Медиатор для гитраы',309,6),(448,134973,'PM','Кларнет',26,9),(450,43008,'LY','Флейта',375,4),(451,208778,'MY','Микшерный пульт',722,9),(452,35735,'TZ','Флейта',551,7),(453,167264,'TR','Набор начинающего гитариста',623,1),(454,217144,'GQ','Медиатор для гитраы',447,4),(455,112776,'AU','Набор начинающего гитариста',190,10),(456,183648,'MZ','Мониторные наушники',600,10),(457,177644,'ZM','Каподастер для гитары',719,4),(458,205460,'AG','Микшерный пульт',63,7),(459,140336,'BG','Мониторные наушники',128,9),(460,162583,'CU','Флейта',556,4),(461,147074,'TZ','Курсы по игре на акустической гитаре',276,4),(462,63160,'SI','Каподастер для гитары',847,6),(463,29931,'CV','Флейта',628,9),(464,241754,'SM','Электрогитара',230,8),(465,3832,'MN','Курсы по игре на акустической гитаре',11,8),(466,154640,'CZ','Мониторные наушники',306,1),(468,220151,'AQ','Медиатор для гитраы',723,8),(469,289092,'ET','Флейта',34,9),(470,174774,'CN','Полноразмерные наушники',892,2),(471,5526,'GP','Флейта',284,5),(472,288,'LK','Набор электрогитариста',787,7),(473,71163,'MT','Курсы по игре на акустической гитаре',685,9),(474,41036,'PS','Флейта',522,6),(475,41095,'AU','Электронные барабаны',576,6),(476,114133,'PR','Флейта',313,3),(477,229937,'AO','Акустическая гитара',847,1),(478,17639,'FM','Кларнет',694,4),(479,85200,'MU','Полноразмерные наушники',387,5),(480,166277,'SV','Набор начинающего гитариста',160,12),(481,191243,'IR','Барабаны',575,2),(482,64649,'JE','Флейта',249,2),(483,8268,'NE','Электрогитара',317,5),(484,87861,'CZ','Акустическая гитара',609,7),(485,173681,'BZ','Барабаны',902,8),(486,70668,'CH','Набор электрогитариста',661,4),(488,142753,'CA','Акустическая гитара',340,12),(489,14203,'BW','Барабаны',203,4),(490,105729,'PY','Курсы по игре на акустической гитаре',798,9),(491,239562,'AE','Флейта',797,2),(492,30748,'SJ','Кларнет',497,4),(493,81580,'GY','Каподастер для гитары',323,5),(494,191299,'NL','Курсы по игре на акустической гитаре',535,2),(495,243700,'TR','Акустическая гитара',374,7),(496,275656,'CK','Флейта',536,4),(497,219746,'BZ','Акустическая гитара',614,9),(498,2985,'CA','Кларнет',55,4),(499,199086,'IN','Акустическая гитара',214,5),(500,138599,'MN','Электрогитара',580,4),(501,21500,'WS','Барабаны',184,5),(502,281717,'DE','Акустическая гитара',693,2),(503,240814,'SJ','Мониторные наушники',897,6),(505,5804,'GQ','Кларнет',758,3),(506,3694,'VC','Набор электрогитариста',389,8),(507,105099,'MT','Акустическая гитара',197,5),(508,247360,'AN','Мониторные наушники',220,6),(509,195859,'KW','Набор начинающего гитариста',639,9),(510,17628,'BH','Мониторные наушники',100,9),(511,206182,'LT','Медиатор для гитраы',577,3),(512,209441,'GN','Акустическая гитара',49,9),(513,78811,'KE','Медиатор для гитраы',21,8),(514,133471,'MN','Акустическая гитара',273,12),(515,80208,'SZ','Барабаны',350,3),(516,80853,'IN','Акустическая гитара',81,10),(517,144713,'GN','Флейта',130,4),(518,192619,'KR','Медиатор для гитраы',512,3),(519,156858,'MC','Электрогитара',705,3),(521,263452,'GG','Мониторные наушники',332,9),(522,9530,'CU','Флейта',688,5),(523,247394,'VI','Акустическая гитара',155,1),(524,48676,'MV','Акустическая гитара',172,2),(525,73751,'CL','Акустическая гитара',603,9),(526,146792,'GH','Флейта',511,9),(527,93471,'AF','Электронные барабаны',119,5),(528,257386,'LK','Акустическая гитара',389,2),(529,60844,'ZA','Электронные барабаны',22,6),(530,34203,'TK','Каподастер для гитары',529,6),(531,195057,'YE','Флейта',175,7),(532,53615,'SH','Флейта',101,4),(533,171588,'BO','Медиатор для гитраы',276,12),(534,220177,'CV','Полноразмерные наушники',126,4),(535,100199,'MQ','Набор электрогитариста',609,3),(536,69179,'FR','Акустическая гитара',210,2),(537,142782,'SE','Акустическая гитара',756,2),(538,149282,'BH','Электрогитара',466,7),(539,111662,'DM','Каподастер для гитары',944,4),(540,21349,'TD','Микшерный пульт',320,10),(541,53267,'NU','Набор электрогитариста',309,5),(542,237460,'PA','Кларнет',249,8),(543,167382,'BY','Барабаны',912,8),(544,230052,'KY','Кларнет',176,7),(545,222407,'PA','Кларнет',199,12),(546,195849,'GF','Медиатор для гитраы',418,4),(548,6487,'SL','Барабаны',717,8),(549,233388,'MK','Медиатор для гитраы',995,6),(550,281911,'DM','Набор начинающего гитариста',221,9),(551,19726,'LS','Микшерный пульт',730,7),(552,234046,'AO','Кларнет',576,9),(553,29519,'IO','Электронные барабаны',655,10),(554,279567,'TD','Электрогитара',209,4),(555,55431,'PS','Флейта',223,3),(556,62427,'IO','Флейта',565,9),(557,44337,'SR','Электрогитара',631,5),(558,90770,'PR','Флейта',115,7),(559,139361,'DO','Электронные барабаны',544,5),(560,198649,'PM','Медиатор для гитраы',359,9),(561,264864,'MG','Полноразмерные наушники',159,4),(562,167692,'SD','Мониторные наушники',207,2),(564,76152,'CC','Медиатор для гитраы',602,9),(565,263660,'ML','Полноразмерные наушники',627,6),(566,116823,'AQ','Медиатор для гитраы',290,12),(567,261502,'ZM','Акустическая гитара',519,8),(568,37807,'OM','Каподастер для гитары',744,10),(569,298477,'CO','Микшерный пульт',772,2),(570,164155,'AR','Электронные барабаны',798,1),(572,173038,'AZ','Набор начинающего гитариста',10,8),(574,188034,'GH','Микшерный пульт',455,8),(575,289665,'IN','Акустическая гитара',979,10),(576,61527,'NG','Кларнет',978,7),(577,80311,'RU','Каподастер для гитары',713,8),(579,165774,'PE','Акустическая гитара',794,7),(580,143957,'NL','Флейта',641,12),(581,28957,'EE','Медиатор для гитраы',302,8),(582,138481,'CN','Набор начинающего гитариста',272,9),(583,91239,'CG','Каподастер для гитары',365,10),(584,198119,'CG','Кларнет',2,3),(585,203807,'GN','Кларнет',800,10),(586,282725,'BS','Каподастер для гитары',357,3),(587,939,'MP','Набор начинающего гитариста',632,10),(588,100545,'SR','Курсы по игре на акустической гитаре',482,10),(589,103304,'AD','Медиатор для гитраы',836,5),(590,135057,'US','Набор начинающего гитариста',550,10),(591,115257,'EG','Каподастер для гитары',107,10),(592,72233,'TJ','Набор электрогитариста',518,9),(594,269141,'NP','Курсы по игре на акустической гитаре',736,2),(595,3080,'DK','Медиатор для гитраы',55,12),(597,178986,'GR','Полноразмерные наушники',114,5),(598,102735,'GH','Микшерный пульт',780,4),(599,120928,'KH','Кларнет',47,6),(600,270089,'SL','Барабаны',175,4),(601,59953,'IR','Акустическая гитара',296,12),(602,164772,'RW','Медиатор для гитраы',186,3),(603,126952,'SY','Барабаны',708,12),(604,18181,'FM','Мониторные наушники',68,3),(605,185458,'FO','Электрогитара',360,9),(606,187596,'MW','Медиатор для гитраы',727,9),(607,267823,'CF','Полноразмерные наушники',222,7),(608,271942,'ST','Набор электрогитариста',236,3),(609,133128,'CO','Набор начинающего гитариста',37,1),(610,143042,'DK','Каподастер для гитары',588,5),(611,135810,'CC','Медиатор для гитраы',827,4),(612,291232,'NO','Полноразмерные наушники',636,3),(613,41653,'FI','Электрогитара',699,2),(614,12654,'AW','Электронные барабаны',672,4),(615,91579,'SJ','Набор электрогитариста',898,10),(616,134943,'NU','Флейта',391,7),(617,251486,'TZ','Кларнет',834,7),(618,288917,'CR','Полноразмерные наушники',487,2),(619,1756,'NI','Электрогитара',451,4),(621,294915,'GE','Барабаны',295,6),(622,84853,'JE','Электрогитара',136,8),(623,90574,'SO','Кларнет',158,5),(624,165124,'BF','Кларнет',379,8),(625,39656,'CY','Барабаны',942,8),(626,180136,'SD','Набор начинающего гитариста',923,9),(627,223243,'NZ','Флейта',326,8),(628,85778,'PW','Каподастер для гитары',62,4),(629,10213,'PG','Набор начинающего гитариста',344,5),(630,151687,'ZM','Полноразмерные наушники',157,4),(631,270633,'SO','Кларнет',773,4),(632,253972,'BF','Акустическая гитара',527,3),(634,285441,'SD','Кларнет',231,10),(635,59544,'AS','Мониторные наушники',863,5),(636,169835,'ES','Акустическая гитара',798,12),(637,57862,'WS','Электронные барабаны',620,8),(638,209113,'LR','Электрогитара',780,3),(639,211044,'NU','Акустическая гитара',232,7),(640,283578,'SM','Полноразмерные наушники',321,7),(641,212337,'CK','Барабаны',388,10),(642,214493,'AQ','Флейта',685,1),(643,271176,'DO','Акустическая гитара',572,6),(644,111716,'LI','Набор начинающего гитариста',276,1),(645,248755,'BH','Барабаны',730,1),(646,233632,'NZ','Микшерный пульт',454,4),(647,140618,'UG','Электронные барабаны',923,8),(648,213823,'SV','Мониторные наушники',701,7),(649,196806,'IO','Медиатор для гитраы',619,6),(650,215608,'GW','Кларнет',672,2),(651,46522,'NZ','Набор электрогитариста',110,6),(652,169089,'NG','Курсы по игре на акустической гитаре',29,4),(653,5299,'WS','Кларнет',362,8),(654,277744,'NL','Полноразмерные наушники',465,12),(655,2580,'DK','Курсы по игре на акустической гитаре',253,7),(656,176515,'MQ','Флейта',66,8),(657,135030,'AN','Микшерный пульт',164,1),(658,255698,'MP','Электронные барабаны',258,8),(659,173013,'MC','Медиатор для гитраы',414,2),(660,61015,'KZ','Набор начинающего гитариста',431,3),(661,155564,'AW','Микшерный пульт',568,12),(662,105125,'AX','Полноразмерные наушники',352,8),(663,45597,'WF','Набор электрогитариста',189,7),(664,144633,'CV','Электронные барабаны',714,8),(665,208238,'TD','Медиатор для гитраы',284,1),(666,287312,'BF','Полноразмерные наушники',819,2),(667,93898,'PE','Каподастер для гитары',394,7),(668,253380,'TK','Курсы по игре на акустической гитаре',781,10),(669,239388,'BZ','Электронные барабаны',85,10),(670,226714,'KN','Набор начинающего гитариста',568,8),(671,263429,'PG','Барабаны',448,8),(672,281184,'NE','Набор электрогитариста',948,8),(673,85066,'LC','Флейта',715,2),(674,139142,'LI','Набор электрогитариста',765,7),(675,157059,'SM','Флейта',383,3),(676,280099,'UY','Электрогитара',125,9),(677,60699,'AN','Полноразмерные наушники',65,8),(678,220429,'SL','Набор начинающего гитариста',340,9),(679,44157,'IM','Электронные барабаны',185,3),(680,97849,'LU','Флейта',458,12),(681,28523,'MT','Полноразмерные наушники',323,9),(682,14931,'GI','Электронные барабаны',546,2),(683,18461,'GI','Акустическая гитара',2,9),(684,135120,'GN','Электрогитара',79,5),(685,95350,'FR','Набор электрогитариста',201,3),(686,28022,'TD','Набор начинающего гитариста',55,4),(687,102285,'CN','Каподастер для гитары',70,5),(688,169836,'PN','Электронные барабаны',848,5),(689,54992,'BS','Курсы по игре на акустической гитаре',368,4),(690,119538,'ER','Акустическая гитара',768,10),(692,222640,'MX','Флейта',186,1),(693,46170,'KH','Мониторные наушники',913,10),(694,205274,'AR','Медиатор для гитраы',580,12),(695,86672,'YE','Курсы по игре на акустической гитаре',590,9),(696,261387,'PR','Флейта',175,7),(697,72269,'OM','Электрогитара',918,7),(699,126309,'GQ','Каподастер для гитары',128,4),(700,124730,'SJ','Набор начинающего гитариста',488,1),(701,275697,'BA','Набор начинающего гитариста',360,7),(702,169496,'DE','Медиатор для гитраы',393,3),(703,254368,'JP','Каподастер для гитары',219,4),(704,159671,'CU','Полноразмерные наушники',560,3),(705,99519,'SZ','Флейта',399,10),(706,149903,'DE','Акустическая гитара',122,3),(707,150154,'CS','Медиатор для гитраы',626,5),(708,192208,'KZ','Набор электрогитариста',708,12),(709,265424,'BT','Акустическая гитара',312,2),(710,78322,'BD','Курсы по игре на акустической гитаре',81,7),(712,259666,'AG','Кларнет',127,7),(713,203943,'IO','Каподастер для гитары',51,10),(714,216947,'BS','Флейта',679,1),(715,228085,'GS','Набор электрогитариста',642,7),(716,200230,'CD','Микшерный пульт',752,10),(717,40118,'IO','Флейта',673,3),(718,261716,'IO','Набор электрогитариста',146,8),(719,260511,'SN','Флейта',23,6),(721,285988,'TO','Флейта',58,5),(722,116618,'DJ','Мониторные наушники',734,4),(723,100769,'LA','Курсы по игре на акустической гитаре',621,9),(724,237810,'RU','Акустическая гитара',344,4),(725,5808,'NF','Барабаны',547,2),(726,54115,'UA','Курсы по игре на акустической гитаре',234,10),(727,120983,'GG','Микшерный пульт',253,8),(728,138728,'FR','Медиатор для гитраы',231,8),(729,244587,'BH','Флейта',501,3),(730,103500,'JP','Микшерный пульт',442,3),(731,100587,'MC','Акустическая гитара',98,1),(732,89953,'HU','Акустическая гитара',666,12),(733,243513,'BT','Акустическая гитара',243,4),(734,177842,'VU','Флейта',270,4),(735,30679,'JE','Акустическая гитара',952,7),(736,156021,'IT','Микшерный пульт',939,7),(737,41452,'AL','Кларнет',253,2),(738,242051,'SN','Каподастер для гитары',783,10),(739,279646,'TT','Набор электрогитариста',160,5),(740,32892,'PA','Мониторные наушники',307,1),(741,281709,'PM','Кларнет',35,2),(742,172453,'BA','Набор электрогитариста',890,5),(743,65702,'LK','Каподастер для гитары',305,10),(744,269156,'MN','Акустическая гитара',288,9),(745,198907,'BD','Микшерный пульт',578,8),(746,7599,'PF','Микшерный пульт',955,6),(747,79318,'CS','Барабаны',325,7),(748,130276,'NA','Полноразмерные наушники',793,1),(749,285476,'EH','Флейта',172,9),(750,213470,'GT','Набор начинающего гитариста',658,10),(751,226517,'OM','Медиатор для гитраы',719,8),(752,66074,'BV','Полноразмерные наушники',353,7),(753,230291,'EE','Курсы по игре на акустической гитаре',450,10),(754,140121,'SD','Кларнет',777,8),(755,90443,'SM','Акустическая гитара',569,7),(756,113781,'CV','Медиатор для гитраы',699,4),(757,156896,'SA','Электрогитара',84,1),(758,101529,'FM','Набор электрогитариста',222,10),(759,299326,'MZ','Полноразмерные наушники',303,12),(761,371,'TZ','Курсы по игре на акустической гитаре',935,6),(762,282018,'ID','Электрогитара',437,12),(763,265981,'TD','Полноразмерные наушники',88,2),(764,20053,'YE','Электронные барабаны',416,4),(765,42350,'JP','Электронные барабаны',191,8),(766,36148,'EG','Барабаны',410,12),(767,143447,'GY','Каподастер для гитары',58,10),(768,133063,'PE','Микшерный пульт',556,3),(769,230171,'GB','Кларнет',391,9),(770,92348,'NF','Электронные барабаны',939,7),(771,203877,'GE','Мониторные наушники',780,8),(773,217128,'CC','Флейта',749,10),(774,138996,'RU','Мониторные наушники',161,2),(775,168047,'LI','Акустическая гитара',471,4),(776,134512,'TW','Флейта',649,1),(777,19306,'IM','Медиатор для гитраы',435,12),(778,235750,'AD','Электронные барабаны',605,5),(779,52356,'SC','Набор начинающего гитариста',125,8),(780,246527,'BN','Каподастер для гитары',562,8),(781,207794,'HT','Полноразмерные наушники',27,5),(782,113615,'GS','Флейта',622,3),(783,24922,'MY','Набор начинающего гитариста',728,2),(784,166398,'CR','Электрогитара',717,12),(785,245849,'IT','Курсы по игре на акустической гитаре',353,12),(786,159430,'AG','Набор электрогитариста',251,12),(787,15319,'GT','Каподастер для гитары',31,1),(788,165448,'TT','Барабаны',94,12),(789,118450,'WF','Набор начинающего гитариста',668,9),(790,191425,'GH','Курсы по игре на акустической гитаре',654,9),(792,261059,'MG','Каподастер для гитары',763,10),(793,53931,'TR','Электрогитара',391,5),(794,114422,'BF','Набор электрогитариста',578,5),(795,49074,'SZ','Набор начинающего гитариста',808,3),(796,229755,'BJ','Электронные барабаны',205,3),(797,43045,'AW','Каподастер для гитары',235,1),(799,141422,'LK','Акустическая гитара',966,4),(800,150298,'UM','Медиатор для гитраы',652,9),(801,70185,'GT','Электрогитара',808,10),(802,183956,'MU','Медиатор для гитраы',85,6),(803,1420,'TG','Электрогитара',194,10),(806,116413,'BY','Барабаны',728,8),(807,12354,'BG','Медиатор для гитраы',172,3),(808,97590,'CI','Набор начинающего гитариста',924,7),(809,192802,'LA','Полноразмерные наушники',638,12),(810,238263,'JO','Курсы по игре на акустической гитаре',412,5),(811,296049,'JE','Барабаны',503,8),(812,212772,'UM','Флейта',267,8),(813,187678,'AN','Барабаны',924,2),(814,200568,'BI','Микшерный пульт',669,7),(815,179176,'SZ','Мониторные наушники',877,4),(816,285723,'LI','Полноразмерные наушники',608,1),(817,161510,'BG','Флейта',563,12),(818,113507,'DM','Акустическая гитара',609,1),(819,210774,'TG','Медиатор для гитраы',548,7),(822,30688,'LI','Полноразмерные наушники',390,7),(823,167766,'EE','Акустическая гитара',416,7),(824,190157,'DZ','Барабаны',675,4),(825,200943,'BA','Набор электрогитариста',200,6),(827,162477,'RO','Электрогитара',444,2),(829,122888,'IM','Полноразмерные наушники',470,1),(830,166057,'TG','Микшерный пульт',421,4),(832,210100,'CC','Мониторные наушники',895,8),(833,193384,'MT','Акустическая гитара',985,3),(835,2718,'EG','Микшерный пульт',726,6),(836,11711,'MC','Барабаны',656,4),(837,92712,'SK','Акустическая гитара',874,1),(838,107914,'CM','Акустическая гитара',762,12),(840,229280,'MO','Акустическая гитара',515,10),(841,161362,'SD','Курсы по игре на акустической гитаре',347,1),(842,131666,'YT','Набор электрогитариста',796,6),(843,220341,'VI','Электронные барабаны',298,1),(844,26124,'GG','Каподастер для гитары',931,2),(845,57240,'CK','Электронные барабаны',806,8),(846,191331,'BN','Кларнет',449,10),(847,247701,'MW','Электрогитара',999,12),(848,258873,'ER','Набор начинающего гитариста',415,4),(849,211495,'TF','Медиатор для гитраы',986,5),(850,83102,'MN','Медиатор для гитраы',132,12),(851,88218,'AZ','Курсы по игре на акустической гитаре',465,9),(852,78698,'JO','Курсы по игре на акустической гитаре',891,4),(853,76425,'NA','Электронные барабаны',755,4),(854,56423,'PW','Акустическая гитара',10,5),(855,216688,'GU','Кларнет',812,5),(858,212096,'TR','Флейта',506,7),(859,249497,'DE','Набор начинающего гитариста',392,7),(861,108973,'YT','Барабаны',600,9),(862,152096,'TC','Микшерный пульт',798,2),(863,94911,'TN','Набор начинающего гитариста',668,12),(864,146022,'MZ','Набор электрогитариста',596,7),(865,56443,'HM','Полноразмерные наушники',400,4),(866,214606,'SV','Полноразмерные наушники',502,6),(867,142840,'NR','Акустическая гитара',675,12),(868,180324,'VG','Акустическая гитара',732,6),(869,13174,'CH','Кларнет',236,10),(870,202691,'LV','Акустическая гитара',355,7),(871,64420,'BI','Электронные барабаны',871,9),(872,267263,'AS','Микшерный пульт',773,10),(873,87001,'NZ','Барабаны',668,3),(874,120652,'CK','Акустическая гитара',127,4),(875,86420,'GD','Каподастер для гитары',577,6),(876,238232,'HU','Флейта',300,12),(877,184762,'UG','Мониторные наушники',966,5),(878,189238,'TM','Микшерный пульт',626,4),(879,282419,'MY','Флейта',304,4),(880,4486,'ES','Электрогитара',632,6),(881,145929,'US','Медиатор для гитраы',949,10),(882,162975,'ER','Флейта',168,2),(883,246726,'NA','Флейта',496,1),(885,14629,'ST','Кларнет',576,12),(886,78497,'IN','Курсы по игре на акустической гитаре',839,2),(887,278855,'GP','Акустическая гитара',826,5),(888,223023,'AL','Набор начинающего гитариста',866,8),(889,259896,'EE','Акустическая гитара',755,4),(890,148057,'HT','Акустическая гитара',54,3),(891,70901,'TM','Каподастер для гитары',456,2),(892,230461,'YE','Полноразмерные наушники',944,5),(893,153149,'MV','Медиатор для гитраы',674,10),(894,58686,'GA','Флейта',89,10),(895,137645,'CR','Каподастер для гитары',761,4),(896,48925,'BG','Курсы по игре на акустической гитаре',872,5),(898,201738,'MQ','Барабаны',833,4),(899,202410,'TT','Электрогитара',984,8),(900,297653,'MT','Медиатор для гитраы',771,2),(901,166493,'EE','Акустическая гитара',379,1),(902,162821,'NP','Электрогитара',888,4),(903,172802,'SK','Полноразмерные наушники',827,2),(904,166426,'TZ','Набор начинающего гитариста',944,9),(906,195278,'OM','Электронные барабаны',656,8),(907,188591,'LB','Полноразмерные наушники',457,9),(908,22954,'GL','Флейта',53,10),(909,277155,'CN','Электронные барабаны',436,2),(910,163390,'ZA','Барабаны',608,2),(911,132612,'UM','Микшерный пульт',807,9),(912,258740,'UG','Кларнет',690,6),(913,19164,'ER','Флейта',382,7),(914,105798,'MP','Набор начинающего гитариста',691,12),(915,9827,'YE','Акустическая гитара',20,2),(916,20056,'GI','Флейта',829,3),(917,152232,'BN','Полноразмерные наушники',623,3),(918,23620,'KR','Мониторные наушники',229,12),(919,23525,'GT','Акустическая гитара',503,8),(920,26681,'SA','Мониторные наушники',381,8),(921,294143,'GB','Барабаны',638,4),(922,80782,'RO','Акустическая гитара',119,12),(923,113625,'MV','Электрогитара',911,5),(925,56580,'PS','Набор электрогитариста',389,2),(927,217941,'SA','Медиатор для гитраы',585,2),(928,726,'AX','Микшерный пульт',474,12),(929,113006,'AD','Электрогитара',128,2),(931,29927,'SR','Курсы по игре на акустической гитаре',643,8),(932,56643,'PY','Набор начинающего гитариста',671,12),(934,83523,'ER','Акустическая гитара',347,8),(935,121146,'ZA','Каподастер для гитары',429,9),(936,226537,'OM','Электронные барабаны',116,5),(937,88326,'GP','Набор электрогитариста',301,6),(938,222885,'FI','Флейта',928,7),(939,103917,'LV','Акустическая гитара',40,5),(940,198673,'BY','Мониторные наушники',569,10),(941,47714,'GB','Каподастер для гитары',922,7),(942,49766,'PK','Полноразмерные наушники',353,5),(944,290399,'BA','Набор начинающего гитариста',481,3),(945,124887,'BZ','Набор начинающего гитариста',966,1),(946,122047,'JM','Медиатор для гитраы',437,8),(947,166536,'BO','Набор начинающего гитариста',155,4),(948,271801,'IS','Барабаны',296,8),(949,46382,'BM','Набор электрогитариста',486,6),(950,199784,'ML','Мониторные наушники',300,3),(951,182430,'ZM','Акустическая гитара',662,10),(952,120997,'BV','Электронные барабаны',837,3),(953,95198,'SL','Флейта',3,4),(955,58259,'YT','Флейта',211,6),(956,59341,'CI','Каподастер для гитары',846,7),(957,216213,'TK','Барабаны',812,10),(958,115631,'PN','Кларнет',381,4),(959,249098,'GF','Акустическая гитара',936,7),(960,62260,'SV','Полноразмерные наушники',444,3),(961,162573,'IR','Акустическая гитара',557,7),(962,226319,'SI','Мониторные наушники',598,10),(963,150691,'CM','Кларнет',120,1),(964,170179,'PE','Микшерный пульт',197,2),(965,75816,'PS','Кларнет',272,7),(966,98065,'IL','Микшерный пульт',121,5),(967,219020,'UM','Акустическая гитара',112,2),(968,266700,'CU','Кларнет',598,4),(969,113135,'SB','Медиатор для гитраы',267,10),(970,60949,'UY','Медиатор для гитраы',8,1),(971,174799,'SA','Акустическая гитара',502,3),(972,160991,'LI','Микшерный пульт',963,6),(973,102780,'IN','Акустическая гитара',726,10),(974,190228,'LI','Мониторные наушники',241,10),(975,140977,'OM','Курсы по игре на акустической гитаре',669,10),(976,126554,'MM','Каподастер для гитары',441,3),(977,41296,'TN','Флейта',901,12),(978,60872,'EE','Акустическая гитара',9,5),(979,292679,'MU','Мониторные наушники',52,12),(980,157368,'NA','Мониторные наушники',957,6),(981,92945,'RU','Электрогитара',482,5),(982,281587,'KR','Барабаны',392,9),(983,105056,'YT','Акустическая гитара',518,1),(985,275860,'SN','Медиатор для гитраы',727,6),(986,8171,'UG','Набор электрогитариста',470,1),(987,9234,'ES','Электронные барабаны',899,10),(988,92678,'CH','Барабаны',82,10),(989,219839,'TG','Барабаны',220,1),(990,201120,'ES','Медиатор для гитраы',937,8),(991,258121,'CV','Кларнет',982,1),(992,170169,'TC','Кларнет',334,1),(993,166065,'SL','Барабаны',94,5),(994,273365,'KI','Акустическая гитара',938,10),(995,43002,'SJ','Полноразмерные наушники',124,4),(997,150699,'JM','Флейта',456,6),(998,104863,'IM','Барабаны',487,6),(999,95335,'BD','Флейта',701,10),(1000,38319,'CI','Флейта',198,8),(1001,257953,'AQ','Микшерный пульт',739,3),(1003,121626,'FI','Флейта',572,6),(1004,290639,'VG','Полноразмерные наушники',217,10),(1005,98782,'TJ','Курсы по игре на акустической гитаре',56,10),(1006,190321,'DK','Акустическая гитара',929,8),(1007,213743,'US','Полноразмерные наушники',947,9),(1008,288764,'DM','Набор начинающего гитариста',616,7),(1009,144424,'US','Курсы по игре на акустической гитаре',787,6),(1010,20549,'VU','Мониторные наушники',692,5),(1011,138779,'BS','Каподастер для гитары',408,6),(1012,231277,'VG','Набор начинающего гитариста',393,6),(1013,59023,'SK','Набор начинающего гитариста',55,8),(1014,298428,'NU','Набор электрогитариста',172,10),(1015,102148,'US','Электрогитара',714,10),(1016,137955,'NU','Набор начинающего гитариста',535,10);
/*!40000 ALTER TABLE `product` ENABLE KEYS */;
UNLOCK TABLES;

--
-- Table structure for table `product_to_kit`
--

DROP TABLE IF EXISTS `product_to_kit`;
/*!40101 SET @saved_cs_client     = @@character_set_client */;
 SET character_set_client = utf8mb4 ;
CREATE TABLE `product_to_kit` (
  `id_product` int(11) NOT NULL,
  `id_kit` int(11) NOT NULL,
  PRIMARY KEY (`id_product`,`id_kit`),
  KEY `fk_product_to_kit_kit_idx` (`id_kit`),
  CONSTRAINT `fk_product_to_kit_kit` FOREIGN KEY (`id_kit`) REFERENCES `kit` (`idkit`),
  CONSTRAINT `fk_product_to_kit_product` FOREIGN KEY (`id_product`) REFERENCES `product` (`idproduct`)
) ENGINE=InnoDB DEFAULT CHARSET=utf8 COLLATE=utf8_general_ci;
/*!40101 SET character_set_client = @saved_cs_client */;

--
-- Dumping data for table `product_to_kit`
--

LOCK TABLES `product_to_kit` WRITE;
/*!40000 ALTER TABLE `product_to_kit` DISABLE KEYS */;
INSERT INTO `product_to_kit` VALUES (1,1),(11,1),(12,1),(2,2),(4,2),(9,2);
/*!40000 ALTER TABLE `product_to_kit` ENABLE KEYS */;
UNLOCK TABLES;

--
-- Table structure for table `product_to_order`
--

DROP TABLE IF EXISTS `product_to_order`;
/*!40101 SET @saved_cs_client     = @@character_set_client */;
 SET character_set_client = utf8mb4 ;
CREATE TABLE `product_to_order` (
  `id_order` int(11) NOT NULL,
  `id_product` int(11) NOT NULL,
  PRIMARY KEY (`id_order`,`id_product`),
  KEY `fk_product_to_order_order_idx` (`id_order`),
  KEY `fk_product_to_order_product_idx` (`id_product`),
  CONSTRAINT `fk_product_to_order_order` FOREIGN KEY (`id_order`) REFERENCES `orders` (`idorders`),
  CONSTRAINT `fk_product_to_order_product` FOREIGN KEY (`id_product`) REFERENCES `product` (`idproduct`)
) ENGINE=InnoDB DEFAULT CHARSET=utf8 COLLATE=utf8_general_ci;
/*!40101 SET character_set_client = @saved_cs_client */;

--
-- Dumping data for table `product_to_order`
--

LOCK TABLES `product_to_order` WRITE;
/*!40000 ALTER TABLE `product_to_order` DISABLE KEYS */;
INSERT INTO `product_to_order` VALUES (1,1),(1,8),(1,10),(1,38),(1,45),(1,222),(2,1),(2,2),(2,9),(2,54),(2,85),(2,127),(2,228),(2,243),(3,4),(3,5),(3,219),(3,288),(5,16),(5,61),(5,100),(6,39),(6,97),(6,225),(6,274),(6,288),(7,91),(7,109),(7,214),(7,257),(8,91),(9,39),(9,208),(10,61),(10,235),(11,102),(11,280),(12,60),(12,70),(12,96),(12,106),(12,225),(12,248),(12,275),(13,98),(13,106),(13,118),(13,219),(16,16),(16,181),(17,27),(19,1),(19,103),(20,25),(20,30),(20,35),(20,149),(20,235),(20,249),(20,284),(21,66),(21,82),(21,173),(22,113),(22,295),(23,6),(23,36),(23,96),(23,135),(23,242),(23,266),(24,49),(25,123),(25,213),(25,294),(26,87),(27,17),(27,195),(28,32),(28,177),(29,8),(29,40),(29,113),(29,269),(30,42),(30,92),(30,146),(30,206),(30,209),(30,245),(31,78),(31,150),(31,289),(32,32),(32,67),(32,121),(32,184),(32,225),(32,239),(33,76),(34,10),(34,53),(34,72),(34,156),(34,196),(34,214),(35,17),(35,108),(35,126),(35,180),(35,196),(35,213),(35,223),(35,277),(36,26),(36,52),(36,164),(36,238),(36,259),(36,277),(37,86),(37,161),(38,227),(38,261),(38,263),(39,97),(40,54),(40,194),(41,73),(41,103),(41,180),(41,209),(41,219),(41,224),(41,280),(41,291),(42,35),(42,38),(42,122),(43,187),(43,252),(44,11),(44,185),(44,238),(45,3),(45,202),(45,262),(45,263),(46,40),(46,62),(46,104),(46,168),(47,18),(47,54),(47,277),(48,15),(48,39),(48,182),(48,205),(48,297),(49,163),(49,165),(50,5),(50,48),(50,175),(50,192),(50,267),(50,271),(52,31),(52,100),(53,169),(53,204),(53,254),(54,7),(54,43),(54,44),(54,100),(54,152),(54,164),(55,122),(55,132),(56,22),(56,23),(56,61),(56,270),(57,22),(57,172),(57,287),(58,8),(58,236),(59,97),(59,167),(60,284),(61,1),(61,138),(62,51),(62,83),(62,159),(62,268),(63,48),(63,59),(63,230),(63,272),(64,118),(64,143),(65,9),(65,57),(65,63),(65,85),(65,135),(65,258),(67,264),(68,187),(68,260),(69,16),(69,47),(69,78),(69,145),(69,187),(70,210),(70,268),(71,13),(71,46),(71,53),(71,118),(71,206),(71,228),(71,287),(72,285),(72,293),(73,172),(73,252),(74,64),(74,137),(74,174),(75,67),(76,94),(76,127),(76,292),(77,80),(77,83),(77,172),(77,266),(78,3),(78,56),(78,99),(78,211),(78,235),(79,135),(79,158),(79,190),(80,133),(80,176),(80,200),(81,76),(82,148),(83,36),(83,213),(84,12),(84,106),(84,266),(85,91),(85,92),(85,167),(85,177),(86,12),(86,17),(86,112),(86,135),(86,263),(87,146),(89,47),(89,136),(90,28),(90,39),(90,48),(90,157),(90,213),(91,30),(91,58),(91,183),(92,37),(92,58),(93,30),(93,44),(93,47),(93,192),(94,191),(94,290),(95,52),(95,53),(95,163),(95,182),(95,198),(95,254),(95,297),(96,32),(96,157),(96,260),(97,3),(97,206),(98,61),(99,102),(99,166),(99,180),(100,292),(101,10),(101,53),(101,164),(101,236),(101,282),(102,45),(103,78),(103,82),(104,107),(104,245),(104,265),(105,38),(105,64),(105,119),(105,127),(105,249),(105,270),(106,21),(106,40),(107,117),(107,266),(108,136),(108,273),(109,44),(109,216),(109,224),(110,79),(110,141),(110,279),(110,283),(112,22),(112,201),(112,245),(113,146),(113,154),(113,174),(113,253),(113,297),(114,115),(114,119),(114,145),(114,279),(114,280),(115,35),(115,108),(115,166),(115,259),(116,8),(117,116),(117,149),(117,154),(118,125),(118,177),(118,214),(119,123),(119,280),(120,51),(120,163),(121,159),(121,161),(121,169),(121,184),(122,47),(123,82),(123,140),(123,169),(123,288),(124,77),(124,223),(124,228),(125,77),(125,97),(125,103),(125,219),(126,174),(126,213),(126,246),(127,136),(127,218),(128,25),(128,225),(129,79),(129,164),(130,39),(130,112),(130,156),(130,264),(131,259),(132,22),(132,150),(132,205),(132,216),(132,241),(133,104),(133,134),(133,148),(133,299),(134,172),(134,241),(135,145),(135,218),(135,220),(135,232),(136,77),(136,184),(136,206),(136,228),(137,90),(137,94),(137,175),(137,232),(137,278),(137,295),(138,91),(138,99),(138,104),(138,176),(140,202),(141,69),(142,113),(142,147),(142,225),(143,120),(143,183),(143,228),(143,266),(143,285),(144,111),(144,133),(144,169),(145,53),(145,162),(145,263),(145,271),(145,287),(146,4),(146,215),(146,241),(148,133),(148,167),(149,70),(149,127),(150,11),(150,69),(151,35),(151,193),(152,23),(152,83),(152,224),(152,284),(153,101),(153,106),(153,171),(154,54),(154,86),(154,114),(154,184),(154,219),(154,279),(155,9),(155,30),(155,49),(155,101),(155,168),(156,63),(156,104),(156,167),(156,190),(156,227),(157,68),(157,103),(157,218),(157,286),(158,141),(158,186),(158,228),(158,277),(159,8),(160,36),(160,147),(160,171),(160,218),(161,70),(161,133),(162,39),(162,208),(162,247),(163,40),(163,131),(163,143),(163,190),(163,230),(163,248),(164,57),(164,186),(164,222),(165,230),(166,38),(166,109),(166,126),(166,288),(167,31),(167,113),(167,114),(167,134),(169,55),(169,117),(169,145),(169,243),(169,275),(169,297),(170,46),(170,83),(170,201),(170,206),(171,98),(171,102),(171,231),(172,43),(172,132),(172,229),(173,209),(174,6),(174,14),(174,109),(175,39),(175,76),(175,171),(175,194),(176,61),(176,62),(176,76),(176,285),(176,297),(177,120),(177,280),(178,108),(178,121),(178,198),(178,200),(178,253),(179,37),(179,126),(179,243),(180,25),(180,116),(180,235),(181,82),(181,136),(181,156),(181,249),(181,268),(181,278),(182,80),(182,92),(182,184),(182,192),(183,233),(183,247),(184,94),(184,171),(185,40),(185,49),(185,218),(186,71),(187,27),(187,63),(187,143),(187,252),(188,26),(188,44),(188,73),(188,241),(188,258),(189,25),(189,195),(189,211),(190,73),(190,86),(190,241),(191,29),(191,96),(191,121),(191,270),(191,283),(192,66),(192,120),(192,156),(192,237),(193,177),(193,276),(194,48),(194,183),(194,219),(195,45),(195,275),(196,248),(197,66),(197,126),(197,181),(197,193),(198,29),(198,33),(198,91),(198,103),(198,173),(198,266),(199,51),(199,111),(199,200),(200,71),(200,120),(200,202),(200,221),(200,262),(201,26),(201,260),(202,35),(202,98),(202,156),(203,252),(204,48),(204,271),(205,55),(206,110),(206,229),(207,101),(207,131),(207,214),(207,237),(208,17),(208,76),(208,118),(208,146),(208,231),(208,245),(208,292),(209,73),(209,197),(209,286),(209,299),(210,118),(210,231),(210,268),(211,82),(211,114),(211,121),(211,192),(212,116),(213,110),(213,266),(214,79),(214,168),(214,188),(214,201),(214,243),(215,164),(215,260),(215,274),(216,1),(216,96),(216,107),(216,164),(216,233),(217,8),(217,67),(217,126),(217,165),(217,260),(218,75),(218,144),(218,298),(219,146),(219,180),(219,208),(219,259),(220,14),(220,250),(221,97),(221,147),(221,300),(222,38),(222,253),(223,3),(223,101),(223,125),(223,210),(224,21),(224,69),(224,111),(225,34),(225,36),(225,52),(225,138),(225,183),(225,205),(225,252),(226,57),(226,80),(226,197),(226,239),(226,249),(227,277),(228,52),(228,86),(229,248),(230,68),(230,107),(230,216),(230,229),(231,74),(231,108),(231,299),(232,106),(232,125),(232,160),(232,213),(233,77),(233,184),(233,249),(234,33),(235,247),(236,55),(236,117),(236,155),(236,234),(236,237),(237,64),(237,174),(238,73),(238,199),(238,250),(239,126),(241,51),(241,184),(242,288),(243,82),(243,87),(243,242),(243,286),(244,34),(244,87),(245,18),(246,109),(246,222),(246,258),(246,270),(246,291),(247,33),(247,70),(247,132),(247,155),(247,207),(247,239),(247,286),(248,62),(248,69),(248,191),(249,7),(249,12),(249,72),(249,160),(249,224),(250,125),(250,210),(250,224),(251,13),(252,33),(252,58),(252,165),(252,199),(252,238),(252,295),(253,84),(253,179),(253,191),(253,199),(254,58),(254,157),(254,174),(254,183),(254,299),(255,2),(255,14),(255,51),(255,80),(256,143),(256,204),(256,291),(257,45),(257,54),(257,90),(257,233),(258,119),(258,239),(258,281),(259,3),(259,90),(259,141),(259,188),(260,172),(260,299),(261,11),(261,53),(261,54),(261,189),(261,300),(262,186),(262,227),(262,233),(263,71),(263,184),(263,296),(264,258),(264,287),(265,1),(266,32),(266,44),(266,129),(266,242),(266,243),(266,279),(267,25),(267,147),(267,166),(267,297),(268,16),(268,30),(268,115),(268,146),(268,148),(268,233),(269,26),(269,36),(269,108),(269,167),(269,209),(269,259),(270,20),(270,26),(270,44),(270,184),(271,17),(271,241),(272,12),(272,14),(272,77),(272,106),(272,184),(272,222),(273,125),(274,8),(274,33),(274,85),(275,265),(275,290),(276,1),(276,187),(277,58),(277,98),(277,154),(277,221),(278,2),(278,13),(278,216),(278,276),(279,51),(279,202),(279,209),(280,71),(280,89),(280,201),(280,269),(281,139),(281,155),(281,239),(282,83),(282,123),(282,126),(282,187),(282,294),(282,295),(283,74),(283,81),(283,279),(284,5),(284,39),(284,258),(285,172),(285,276),(286,89),(286,165),(286,198),(286,208),(286,223),(286,265),(286,278),(287,61),(287,89),(287,119),(287,206),(288,268),(289,207),(290,2),(290,62),(290,89),(290,141),(290,234),(293,288),(294,67),(294,125),(295,204),(296,222),(297,149),(297,286),(298,8),(298,50),(298,134),(298,152),(298,201),(299,286),(299,291),(300,5),(300,140),(300,142),(300,235);
/*!40000 ALTER TABLE `product_to_order` ENABLE KEYS */;
UNLOCK TABLES;

--
-- Table structure for table `type`
--

DROP TABLE IF EXISTS `type`;
/*!40101 SET @saved_cs_client     = @@character_set_client */;
 SET character_set_client = utf8mb4 ;
CREATE TABLE `type` (
  `idtype` int(11) NOT NULL AUTO_INCREMENT,
  `name` varchar(45) NOT NULL,
  `electronic?` varchar(45) NOT NULL,
  `id_vid` int(11) NOT NULL,
  PRIMARY KEY (`idtype`),
  KEY `fk_type_vid_idx` (`id_vid`),
  CONSTRAINT `fk_type_vid` FOREIGN KEY (`id_vid`) REFERENCES `vid` (`idvid`)
) ENGINE=InnoDB DEFAULT CHARSET=utf8 COLLATE=utf8_general_ci;
/*!40101 SET character_set_client = @saved_cs_client */;

--
-- Dumping data for table `type`
--

LOCK TABLES `type` WRITE;
/*!40000 ALTER TABLE `type` DISABLE KEYS */;
INSERT INTO `type` VALUES (7,'Акустическая Гитара','No',1),(8,'Электрогитары','Yes',1),(9,'Бас гитары','Yes',1),(10,'Акустические барабаны ','No',3),(11,'Электроные барабаны','Yes',3),(12,'Внутриканальные наушники','Yes',7),(13,'Полноразмерные наушники','Yes',7),(14,'Флейты ','No',8),(15,'Кларнеты','No',8),(16,'Микшерные пульты ','Yes',6);
/*!40000 ALTER TABLE `type` ENABLE KEYS */;
UNLOCK TABLES;

--
-- Table structure for table `vid`
--

DROP TABLE IF EXISTS `vid`;
/*!40101 SET @saved_cs_client     = @@character_set_client */;
 SET character_set_client = utf8mb4 ;
CREATE TABLE `vid` (
  `idvid` int(11) NOT NULL AUTO_INCREMENT,
  `name` varchar(45) NOT NULL,
  PRIMARY KEY (`idvid`)
) ENGINE=InnoDB DEFAULT CHARSET=utf8 COLLATE=utf8_general_ci;
/*!40101 SET character_set_client = @saved_cs_client */;

--
-- Dumping data for table `vid`
--

LOCK TABLES `vid` WRITE;
/*!40000 ALTER TABLE `vid` DISABLE KEYS */;
INSERT INTO `vid` VALUES (1,'Гитары'),(2,'Клавишные инструменты'),(3,'Ударные инструменты'),(4,'Микрофоны и радиосистемы'),(5,'DJ оборудование '),(6,'Звуковое оборудование '),(7,'Наушники и гарнитуры'),(8,'Духовые инструменты'),(9,'Световое оборудование'),(10,'Студийное оборудование');
/*!40000 ALTER TABLE `vid` ENABLE KEYS */;
UNLOCK TABLES;
/*!40103 SET TIME_ZONE=@OLD_TIME_ZONE */;

/*!40101 SET SQL_MODE=@OLD_SQL_MODE */;
/*!40014 SET FOREIGN_KEY_CHECKS=@OLD_FOREIGN_KEY_CHECKS */;
/*!40014 SET UNIQUE_CHECKS=@OLD_UNIQUE_CHECKS */;
/*!40101 SET CHARACTER_SET_CLIENT=@OLD_CHARACTER_SET_CLIENT */;
/*!40101 SET CHARACTER_SET_RESULTS=@OLD_CHARACTER_SET_RESULTS */;
/*!40101 SET COLLATION_CONNECTION=@OLD_COLLATION_CONNECTION */;
/*!40111 SET SQL_NOTES=@OLD_SQL_NOTES */;

-- Dump completed on 2021-06-12 14:49:24
